clickX,clickY,userAction,c1r,c1g,c1b,c2r,c2g,c2b,c3r,c3g,c3b,c4r,c4g,c4b
748.2682201121977,74.08738274980765,Like,231,107,30,179,172,131,89,116,51,116,88,102
1958.942975328999,1507.034856851764,Like,61,215,236,77,216,97,60,28,77,145,114,234
1918.5610205066403,359.11644151462195,Like,16,239,86,210,171,164,220,20,123,202,244,4
729.1867506277043,340.58530655932697,Like,86,69,123,181,240,192,10,96,93,71,77,174
1388.8805452458334,488.71849426782666,dislike,73,182,41,69,246,59,151,25,142,129,239,29
1090.9740592355065,708.9921938862178,dislike,156,252,156,106,102,8,34,154,65,25,61,6
149.4741691558661,50.705736258593426,Like,140,91,27,216,5,9,49,80,204,101,236,140
1915.880469707233,226.8291070416246,Like,43,87,217,71,171,225,222,83,119,169,140,200
411.318364331636,232.48770268414253,dislike,119,47,42,72,173,242,243,229,153,135,85,180
830.5639092874992,1089.8444636058161,dislike,221,181,83,201,150,151,238,150,58,137,197,111
1143.9533145910248,322.6842970916253,dislike,123,142,39,205,247,156,232,1,15,2,123,162
1544.1653798526881,938.6613702721147,Like,7,238,105,61,190,130,122,138,150,61,191,12
684.5441797592351,1838.3019209622846,dislike,113,149,238,249,255,162,76,1,148,232,79,243
1828.801615390462,1657.1976225555816,Like,28,166,132,141,15,117,14,250,218,198,172,44
711.5924528081213,465.757423121304,Like,112,104,241,176,98,64,56,86,124,177,164,64
593.7569524740702,580.0010205243165,dislike,161,134,137,141,126,12,76,196,171,17,115,188
675.0480132231169,1803.247921711331,Like,56,233,14,22,87,196,79,218,125,28,91,1
301.27868257947864,748.6211871206572,dislike,32,48,182,9,33,246,133,233,73,110,171,42
1555.734110676974,827.2294718393998,Like,249,146,152,11,44,167,237,173,228,19,76,167
558.7608392105554,780.9770926731599,Like,158,172,102,28,114,58,91,193,2,16,34,111
752.9127432619147,263.95329720423643,dislike,26,248,58,189,66,33,225,227,254,70,96,75
67.46925495077072,415.47102432658403,Like,148,79,79,247,52,118,146,230,1,116,39,0
818.3974077289287,554.6522433161942,Like,203,137,228,203,31,49,127,123,123,185,213,115
536.4507116123682,416.00832075142023,Like,75,68,250,138,128,155,95,41,106,227,241,160
1064.9081714428917,431.24876646452213,Like,152,52,9,15,149,105,104,143,2,208,69,35
374.79912617649626,135.35382483101577,Like,143,22,6,30,132,244,35,197,69,96,162,121
415.91333909929597,1011.3875067074594,dislike,119,61,180,38,10,241,71,154,170,67,80,53
1940.3439144148933,902.2859416884643,Like,171,56,50,108,201,245,111,142,69,116,214,205
1087.3209899336696,1001.8741973359124,dislike,187,150,45,45,137,45,102,48,10,178,159,180
1393.803043610121,1019.4892368814501,dislike,49,255,189,78,96,177,247,49,106,50,189,149
1689.856580842978,1185.519247738195,dislike,153,27,101,250,87,216,13,252,142,199,40,198
1479.7926111475163,1123.761991155422,Like,204,118,60,175,64,59,37,8,67,241,143,17
747.1364787459783,1435.0723450781118,Like,225,100,244,241,153,188,145,0,245,137,172,138
1442.2974760888126,1956.4500392307318,Like,162,43,204,48,136,161,178,27,233,109,222,74
1267.0833965560275,578.092044597935,Like,194,100,0,121,76,147,196,109,223,143,37,182
211.61473938759246,1329.2135930014672,dislike,86,225,155,210,9,223,87,237,98,253,127,202
127.69890806523154,1033.313006989,dislike,224,202,140,15,76,20,114,55,196,107,214,218
1430.6615448850048,546.6557025401584,Like,46,121,83,123,146,239,101,221,114,254,56,135
1678.2743766983515,1330.8406699460804,Like,35,86,85,126,147,42,54,147,61,0,88,53
63.40999933775615,220.99376661284498,Like,2,123,116,251,23,16,234,149,136,53,254,243
1236.7863299955368,202.47118071504877,Like,19,37,107,146,57,9,155,254,156,138,141,168
1776.1304780894627,883.9728629050252,dislike,234,46,76,64,198,89,218,34,239,69,20,141
1040.7145324555872,1129.2542917203587,dislike,169,203,84,186,27,29,146,245,250,49,108,44
830.5441520961849,1049.5502252583574,dislike,81,248,48,25,130,136,221,201,244,40,120,29
717.4894079589416,1223.9117916201244,Like,112,145,177,86,199,18,74,105,218,98,161,246
1306.5045029573325,1709.2797852488932,Like,231,99,237,250,74,13,172,161,196,122,255,216
159.90137092544555,363.4596995586079,dislike,163,174,189,59,33,214,22,136,87,36,177,138
1449.9226032688916,734.0976268325678,Like,234,122,9,10,204,2,159,209,221,57,33,161
1819.3187320766633,653.2072010670333,dislike,189,226,18,47,9,37,64,39,235,30,174,251
1612.4187167712848,75.02385660217192,Like,11,86,47,79,135,159,241,185,209,7,135,91
1822.9548506654119,1149.8056474442951,dislike,179,3,217,33,77,212,28,55,123,220,28,16
1698.3417131233448,1931.272311068578,dislike,253,132,17,88,232,61,37,55,78,202,116,99
107.18661932410623,530.7204710522738,dislike,192,203,140,239,162,177,209,38,238,139,40,7
835.4995994894647,1500.0834548396006,dislike,32,230,133,145,64,77,234,218,241,169,20,72
1180.5777439501887,361.7847348194629,dislike,249,153,18,243,32,233,6,252,48,105,231,57
1449.30294187196,1020.2607330344475,Like,119,98,204,42,140,179,0,164,44,116,120,9
638.1824718222948,753.7513124210134,Like,21,113,6,74,148,35,75,156,211,45,1,247
1820.2104890983185,329.33806343254844,dislike,129,114,244,1,85,182,156,90,159,131,31,11
815.3969174896578,1289.955086796628,Like,93,125,128,117,167,54,117,183,35,66,225,50
861.1742816531049,1481.0525568905475,dislike,179,245,121,248,153,26,165,174,6,89,235,220
286.75602073784125,1072.9498757530207,Like,229,58,8,25,89,10,249,91,10,200,74,204
885.7866916944257,1474.101478613277,Like,1,37,61,109,87,124,241,240,19,142,124,172
824.1484792651213,1724.2263295856524,dislike,6,147,130,252,75,12,9,157,11,116,159,53
1033.1442988854376,403.1087941203977,dislike,184,247,236,56,105,81,188,101,250,169,204,216
277.00110373550467,1092.624666909592,Like,152,141,23,199,178,254,252,141,230,42,209,208
1492.3921312192792,1192.740678187478,dislike,125,104,94,147,206,208,41,176,164,199,86,196
51.05792364841655,223.09604106531887,Like,84,67,103,190,155,60,8,110,145,36,78,143
1343.8681054379183,1176.6635869132008,Like,58,76,94,143,185,27,12,5,75,195,77,87
368.1228952773914,1694.9361500348534,dislike,77,221,84,64,194,180,94,182,129,102,63,116
1826.0288909671576,736.1406048486984,dislike,37,207,190,179,113,63,206,56,156,212,76,195
1640.7664176590447,234.6318637089242,Like,97,31,110,107,14,202,66,232,58,126,175,149
1413.043493608302,1099.0717707563967,Like,83,7,92,101,83,45,161,166,62,102,243,46
1946.3666557208478,1685.8911923241842,dislike,207,155,182,215,247,231,84,96,85,66,77,128
1364.004679542417,194.19742089465353,dislike,236,205,254,2,136,72,129,119,36,78,17,119
1676.8127247411483,314.17449709092216,dislike,95,210,131,36,131,228,179,2,164,61,99,36
1450.554183384782,711.6880048661066,dislike,183,20,195,208,255,76,179,86,162,94,101,38
260.17640844862154,1740.0206357134725,dislike,192,59,132,91,219,226,10,52,85,191,137,121
735.9154216472008,1900.1302107100148,Like,197,200,116,176,223,8,174,234,109,179,76,209
1456.5856597283312,897.6108144218913,Like,232,177,87,40,161,22,153,126,66,138,26,224
1379.5939187094139,1263.9488124688455,dislike,51,191,226,80,106,137,6,19,140,100,217,88
1214.1216974194888,257.50221902412386,dislike,210,191,30,58,23,218,113,94,245,0,192,170
956.7155028502739,944.6676660754008,Like,169,42,10,199,2,203,56,235,18,120,116,44
1646.944499713741,657.2793161747715,dislike,119,195,203,242,61,68,178,214,186,216,56,250
589.8745348576424,475.3541514720068,Like,215,247,3,93,37,39,20,135,233,81,242,141
976.9404901456898,31.378199152598985,Like,102,147,206,71,205,78,14,21,5,66,13,153
1528.1216296808154,34.96817549914844,Like,22,20,178,164,146,247,180,227,236,55,70,20
1499.6635119728105,1040.0990827390624,dislike,193,148,37,9,205,69,108,170,61,85,44,144
1647.2455518039271,1205.502756811971,dislike,237,204,81,255,95,129,33,225,73,50,59,174
233.7662673590679,1237.794460800544,dislike,9,100,211,145,95,18,146,71,10,153,173,113
167.15822211960153,1790.366316066859,dislike,36,69,185,108,97,187,232,2,216,174,246,126
435.880943997214,57.30524827024652,dislike,109,61,104,215,20,234,147,56,3,45,255,220
72.32280819568038,1330.4772411361557,dislike,23,204,59,24,142,124,159,54,29,141,236,51
763.9188179067471,1854.6574195059547,Like,133,70,84,75,180,233,194,40,62,55,63,93
879.0772224044374,317.140726130025,dislike,115,89,186,193,180,182,207,109,167,238,245,160
834.4345719077859,1555.7318643139383,Like,50,7,105,201,203,47,72,74,7,238,254,246
930.479383549735,918.2907280264636,dislike,208,15,233,156,131,124,92,178,192,247,10,62
85.48485050015398,382.681997479253,dislike,112,214,5,180,199,142,24,105,215,138,1,94
642.4808530858368,1260.8359899587972,dislike,39,196,91,241,254,76,14,239,16,242,143,248
444.8526041952585,77.14003686085569,Like,212,183,214,132,181,139,84,163,65,246,132,120
1270.1955244016433,768.9960704331825,Like,169,179,75,1,47,232,122,217,111,142,180,201
1171.0818640769992,1930.7851872460074,Like,179,68,138,16,145,47,136,108,142,82,109,167
1396.2821859372925,1562.269264730306,dislike,97,117,233,239,209,29,152,73,167,232,123,91
443.7327126421704,1132.0129633098593,dislike,117,213,226,53,250,215,233,108,10,215,251,254
1934.856242621441,724.7480528707588,Like,81,252,80,131,203,255,213,182,37,124,46,65
182.95535689349518,1074.8538058192917,dislike,109,106,99,109,35,14,51,188,211,176,190,246
1848.8406739976751,1276.8365440345035,Like,70,6,242,137,57,103,226,75,193,79,207,133
278.684014082099,1158.1716328685968,dislike,189,146,66,239,249,181,171,222,49,216,168,138
763.6644178206747,1402.343618051982,dislike,90,140,133,250,8,219,96,172,110,231,79,97
1122.1088801438161,201.51535669134145,dislike,7,209,230,220,80,111,58,196,245,238,200,159
335.45182397150785,1620.173002417109,Like,163,113,42,186,128,119,213,147,24,12,252,61
202.6619246171031,490.56361527377555,dislike,173,23,216,15,150,81,60,43,180,173,254,95
708.3653284148497,65.37092973383895,Like,107,27,88,163,94,148,71,126,17,58,144,188
1630.9726120722246,218.0824033269584,dislike,196,29,129,242,248,134,226,74,22,140,250,38
1782.38243312107,417.8673595361877,dislike,180,77,26,174,213,4,149,9,252,241,231,77
1339.0950704842917,910.9555663023077,Like,98,227,106,28,236,138,108,171,107,181,74,102
923.9071189979006,1535.796274104553,Like,230,222,131,253,82,34,228,157,192,149,253,109
1258.3445577384632,1837.6828219050155,dislike,215,97,159,203,111,172,36,76,14,38,251,41
365.404864709832,255.48802401986183,Like,119,214,66,2,192,173,157,127,110,250,68,185
1371.3164623394036,1382.9232353602783,Like,69,13,93,216,168,193,206,55,141,111,90,132
1906.4654920342289,1917.6631629868893,Like,87,146,211,167,240,62,106,63,43,215,48,111
332.0773010422777,1530.6361389833974,dislike,76,111,140,43,18,32,227,222,41,192,33,179
1267.630764351478,622.0101605980395,Like,70,56,32,155,157,101,210,191,15,156,207,110
1109.2769011845505,327.10697846979417,Like,217,52,138,202,189,195,186,151,154,165,88,226
1419.0023793711914,855.9306566596246,Like,190,73,118,151,57,6,150,80,12,108,75,182
1400.1388441852948,267.79441199273356,dislike,76,211,125,62,41,63,246,153,233,226,9,182
1072.1599958895786,921.7288374926527,Like,63,241,157,64,31,72,122,93,80,83,2,106
290.2057108078513,268.6297844259349,Like,155,197,220,56,253,212,106,203,125,171,240,40
484.72890162213037,1687.0355465634132,dislike,99,58,187,18,110,203,82,203,171,88,247,83
1415.329797725893,355.0949827669172,Like,71,202,57,143,158,8,239,242,192,58,68,191
596.9485143428683,1092.4156294917161,dislike,84,74,70,162,10,1,205,118,115,122,179,29
1573.2655499817956,190.2368016994729,dislike,24,133,90,163,113,248,167,28,106,37,137,40
1353.4380673283104,1116.8801641774373,dislike,213,187,233,219,71,182,206,148,123,158,53,206
1737.679273763161,661.5050590179911,Like,110,226,255,159,54,68,75,31,135,112,26,43
1908.822700973424,1276.0243940380524,dislike,178,74,248,238,61,166,194,253,190,125,233,182
1505.4840611081281,1032.5567530450019,Like,113,21,28,40,15,62,196,134,255,255,243,55
1821.4079249490937,1948.927413233227,Like,8,52,22,168,51,129,7,10,239,249,161,204
1924.580039228435,1592.4985305053272,Like,157,146,18,122,79,212,204,63,233,222,50,195
276.34379441661827,991.2813195854337,dislike,243,77,141,17,222,117,154,81,205,113,118,242
207.6632026790284,263.43107122625554,dislike,109,116,175,4,226,235,30,210,36,11,6,245
966.7055382284025,432.2239750189898,Like,241,208,254,91,124,183,41,60,127,151,16,41
308.147000183596,525.8592570067175,Like,125,134,17,133,216,113,189,246,219,167,9,232
1937.951612587842,216.19963471576153,Like,224,7,135,41,27,61,151,68,250,59,49,89
942.811266243711,183.92521152488172,Like,35,88,232,39,166,32,27,112,65,148,27,87
333.2358789994789,1783.74874341941,dislike,50,119,153,18,212,252,4,101,168,87,134,129
199.87543686103604,1236.781057881915,dislike,22,57,221,210,146,207,206,171,22,168,56,46
159.89099980444777,1348.2970951846903,dislike,165,129,54,60,163,22,48,43,184,155,46,191
1134.148882426329,1037.4695146380022,Like,80,122,53,55,157,51,86,134,105,55,201,33
1854.2989398944844,1348.6793889618702,Like,242,91,213,89,166,157,44,171,218,250,162,45
547.6727334781815,1613.7866200836252,dislike,90,212,67,108,173,186,50,14,16,76,91,6
706.0219304165207,954.6754889771827,dislike,160,82,44,5,101,30,219,154,226,172,141,12
126.83506447860671,651.4832120850948,dislike,9,85,53,145,21,237,188,249,11,47,218,110
222.59610253919558,470.82385058857267,Like,233,146,220,196,111,94,219,215,24,216,153,77
238.06472630130938,16.947676746683626,dislike,125,221,70,221,240,27,78,224,14,9,61,57
6.975536442433539,1237.8726787666271,dislike,27,192,13,193,70,209,21,132,93,39,128,163
792.8704915935658,633.1051666686695,Like,30,80,39,138,247,162,210,175,110,26,209,212
600.6394946318745,307.447178613141,Like,73,100,147,149,46,19,203,3,105,120,35,195
331.77674765826316,1299.1936083915114,Like,214,73,82,16,86,114,184,222,235,119,174,53
1624.2247412235643,1336.7799948034249,Like,39,230,180,44,214,17,57,53,2,81,106,245
1108.2221849563582,291.1679425970235,Like,194,172,243,216,120,54,206,224,145,55,219,188
880.354168515463,539.2312235037373,dislike,11,150,171,126,146,57,214,116,51,79,66,52
1578.7963334991625,1619.624740192439,Like,179,61,37,134,147,145,199,187,227,157,86,204
978.301811369662,911.557606276844,Like,250,9,47,39,25,93,166,173,194,102,72,199
410.06348658433467,664.0873580960363,dislike,217,135,199,68,86,57,206,212,62,12,221,8
1261.3620305535717,376.50620263354705,Like,102,4,248,97,217,209,115,39,169,198,126,17
263.9337602453149,779.8980199142629,dislike,188,190,223,177,93,174,241,206,244,242,234,32
1645.0593045444718,1273.009252310243,Like,255,169,130,67,86,135,134,51,192,103,46,33
203.795286128015,642.2454101338691,dislike,191,240,179,159,56,81,141,57,58,124,75,244
869.1095903845343,281.76965366297947,dislike,221,56,116,148,28,29,0,190,188,96,153,136
744.3797720441387,1543.0257176922755,dislike,25,254,142,169,129,236,220,202,59,149,152,111
436.00323892129734,1419.1765773676034,Like,179,50,255,127,41,57,248,70,225,23,142,51
1085.8472539652196,977.2638905583393,Like,5,44,131,91,138,15,8,157,219,118,167,68
711.8993176190049,1037.7282350303722,dislike,89,71,52,137,19,74,183,171,167,104,82,121
1976.4148589700403,1825.3162034306974,Like,214,204,185,165,10,240,88,191,74,185,4,207
250.46390130151462,1402.2496309258868,dislike,22,114,61,133,218,120,49,169,78,225,36,152
22.892009255621957,211.03263798417848,dislike,248,39,221,99,164,77,213,154,210,134,53,47
438.3829490279989,660.0643037747957,dislike,241,140,213,12,73,67,1,49,100,208,205,31
18.612851622375803,1490.099124716496,dislike,213,211,47,4,227,3,251,141,166,181,121,56
1498.815197448907,1378.090320040043,Like,246,0,245,15,203,151,11,39,134,142,156,123
452.82526343850816,557.5332685443981,Like,172,87,223,151,211,10,96,115,132,33,189,201
1628.545806674403,1510.3910569831608,dislike,229,138,143,60,63,208,137,238,140,253,99,66
1820.8428425552986,1242.9264335564485,dislike,107,81,205,39,164,231,215,2,44,43,142,127
186.81376036243913,716.6928940168185,dislike,210,186,248,6,167,42,50,25,87,240,32,55
1147.3501158032502,1882.9463877006785,dislike,33,18,80,201,127,171,233,22,39,53,50,164
482.7512271342951,1131.9332752317234,dislike,7,2,171,97,242,83,100,186,227,140,181,25
1336.8182625537981,556.2251747358293,Like,166,78,35,43,246,218,51,194,190,42,231,137
1551.169723429502,1985.0402790267049,dislike,122,98,246,131,129,200,151,209,164,240,34,55
1422.990530236196,1133.13591796763,dislike,139,134,191,225,37,213,220,98,159,122,251,126
1740.4995560998827,853.2944956697148,Like,83,217,61,214,67,160,177,50,42,140,203,228
465.8938928323304,1627.9867597476064,Like,36,211,111,133,7,93,18,21,135,43,25,89
382.60170594407316,1430.111832603615,Like,57,189,157,194,23,1,99,19,74,190,235,41
1703.7688317154539,1301.170468139755,dislike,65,95,151,195,217,176,169,120,118,21,186,209
1038.1950826252507,291.385771311099,dislike,252,51,233,43,103,42,130,89,122,200,112,82
1977.566301574901,1778.9891909324033,Like,155,114,230,114,9,54,197,177,213,72,242,77
545.1825659283578,767.7245440221003,dislike,92,49,194,176,109,245,182,104,243,168,38,212
565.3170598415163,1243.8438684842274,dislike,252,27,101,25,112,36,73,145,251,165,32,243
305.2007195793267,182.19181683555763,dislike,50,203,56,229,111,103,224,181,154,31,55,242
1632.9050607625363,782.9300289745222,dislike,67,114,129,23,231,241,154,164,224,233,35,218
753.9347728895143,588.5560088500779,Like,34,7,103,218,80,228,24,64,95,218,165,241
1900.3463040479865,785.8204720750186,dislike,252,188,100,105,46,22,99,237,54,92,167,233
27.89557779138385,739.7168566482597,dislike,24,185,238,114,139,37,123,98,132,23,240,64
1849.644208418951,643.3399078079963,Like,199,85,39,83,194,144,65,130,142,72,119,1
1434.8578702119978,850.0379822621544,dislike,236,100,152,104,212,20,89,194,49,190,178,79
843.4650577594838,503.8434890537844,dislike,143,34,251,175,181,55,117,147,170,19,255,185
1374.9812316078044,593.4568901068493,dislike,65,10,88,73,31,40,216,231,89,67,212,139
1150.1718977597695,1210.3109925557787,dislike,25,6,154,63,233,43,112,133,113,176,232,121
257.409193859772,1355.4202689649978,dislike,240,164,35,103,192,83,33,109,106,210,3,113
941.1177484600695,1094.480313682605,Like,63,221,75,193,233,220,197,44,138,70,244,94
1751.5240482825263,1603.6045987497969,Like,77,20,246,208,247,145,51,83,134,120,46,36
537.0637577765833,268.56679138871465,Like,192,121,59,28,237,187,191,40,180,0,225,6
1975.6382210771421,1923.8976050731585,dislike,2,103,247,68,14,179,7,254,235,245,79,132
1995.0926249938652,1138.6799823473975,Like,93,205,177,12,193,172,62,155,88,56,17,159
506.6771122522553,1768.0214463332184,dislike,112,89,116,148,194,218,24,176,142,108,51,143
419.427204076994,1794.3429523320558,dislike,11,139,148,62,179,67,54,116,67,96,125,76
476.93511089200814,596.1826286547374,Like,192,244,122,252,36,4,208,64,176,59,20,227
349.68256789795294,1944.4477632642975,Like,207,215,224,120,57,130,11,198,243,41,251,134
76.25293772862851,1603.2110879151335,dislike,80,185,201,153,144,175,134,155,221,94,107,47
832.7411739718151,1099.468559080142,dislike,108,80,187,144,32,41,114,125,83,248,126,130
197.1156970090795,424.4175395066745,dislike,60,212,119,145,250,226,253,249,134,110,188,199
880.5028674309825,1411.4322624906024,Like,69,22,98,108,104,118,80,187,229,10,102,84
733.6718478053208,1703.2143927379452,dislike,3,105,190,76,238,81,204,5,148,248,136,83
1856.8267495776356,314.4575378561616,dislike,135,83,128,147,53,151,181,8,168,43,92,236
567.8016255375334,492.4697938981173,dislike,74,247,241,45,113,109,73,182,29,119,216,103
1984.8320986729714,34.920365442345116,Like,12,211,230,253,29,140,56,204,49,23,46,190
802.5341068559351,726.6974101490848,Like,120,26,148,123,221,165,95,111,206,194,204,14
350.3033112299878,1180.3344319580858,dislike,241,230,151,184,171,199,133,213,205,167,67,57
1295.5596601003608,1244.9341231676306,Like,123,222,104,161,210,146,61,128,126,48,226,225
1783.3157790542311,306.98174339839835,Like,50,245,13,171,129,127,21,19,144,166,190,107
1618.5852577395888,1934.9162257353119,Like,36,180,59,35,59,222,58,97,69,57,28,99
1056.1087374121694,202.4749639909722,Like,207,1,197,168,143,20,194,44,197,166,115,41
1213.2028239423682,551.310845669392,dislike,193,230,150,48,162,226,100,179,238,127,224,81
1065.0395535248638,769.4868021777069,Like,9,91,249,250,241,204,10,85,30,107,189,61
1286.4876693437025,1663.428128824757,Like,237,21,229,248,167,25,31,175,59,100,204,35
1002.1200389195297,1312.391795619152,Like,240,146,103,32,49,222,178,106,176,65,56,52
285.09963001448966,1595.8008634915254,Like,8,228,249,32,80,171,214,183,100,80,112,87
163.84935995958227,1728.8606465902822,dislike,82,251,142,143,22,71,121,211,121,206,86,191
1342.2984751973188,36.588016185466145,dislike,243,106,120,223,192,29,26,102,41,57,167,65
530.1675671834385,1343.6045833671465,Like,189,110,191,159,155,12,241,2,36,173,174,241
718.3822099456627,370.3902392930256,dislike,67,245,156,153,107,189,53,202,165,103,111,65
1921.9553560738666,86.81138688317324,Like,171,152,214,241,159,170,177,107,196,227,182,44
81.42441803233913,1145.5447293998948,dislike,109,108,196,115,180,195,77,75,198,104,230,55
448.7314216027165,211.12587179398412,dislike,245,33,7,219,153,3,169,168,182,11,188,115
358.2653183632467,1575.8339579746964,Like,245,137,76,52,136,197,226,86,82,216,183,233
163.58437745239775,101.28592080350441,dislike,214,235,95,247,166,47,60,74,164,110,164,124
660.3313623311875,1635.301391135414,Like,233,119,125,41,55,136,94,18,6,171,112,129
372.427844105752,1028.8191218234585,Like,244,195,114,180,182,8,133,174,213,250,246,181
617.7211357498234,1506.6577743193945,Like,104,158,131,14,244,222,250,247,224,51,11,9
313.0828289114187,1617.1574236111016,Like,129,79,192,84,91,66,27,48,29,47,98,57
500.3292482424522,1313.1434082017256,dislike,196,189,170,96,143,52,86,208,48,171,17,237
1477.2145560796198,347.270041802106,dislike,65,152,82,168,233,69,216,159,102,218,231,114
1097.1664229703385,1223.4229390226733,dislike,188,226,185,200,70,102,231,144,68,28,203,60
1949.5805209539838,1412.6346395756232,dislike,64,59,241,41,234,58,104,35,49,108,233,18
1281.3844660537616,1590.20711295727,dislike,135,208,237,216,67,19,206,109,78,87,145,32
682.2687753642398,1657.2929687860658,dislike,4,216,39,237,185,245,74,148,212,53,1,51
649.072165293727,1877.1449209943412,dislike,149,48,163,91,235,227,109,196,145,174,239,39
1312.1828545086694,1159.691845460052,Like,69,144,160,82,103,177,207,233,187,201,204,116
170.27819718673953,492.2327060547536,dislike,192,221,133,187,199,41,221,240,3,214,164,36
1752.9883152298974,777.9172714023359,Like,114,254,250,74,155,105,160,198,149,115,54,211
49.636495320906526,696.2619194080281,dislike,72,29,41,230,128,106,21,97,149,215,222,241
1872.098538835167,304.5606531514504,Like,44,143,40,236,215,199,21,37,62,241,130,205
391.8505290307366,1273.7865326478673,dislike,189,69,208,183,201,68,11,152,116,189,212,67
218.50403090892632,707.7710942514188,dislike,117,57,117,228,186,207,195,167,206,244,28,91
342.00075541668105,1320.2909157734382,dislike,93,171,85,240,125,110,20,202,117,127,69,35
1867.9282985389646,518.8167096753892,Like,15,51,74,112,196,228,41,225,155,97,223,169
1714.1158469055238,615.0589789243726,Like,87,189,72,72,151,225,145,165,76,92,90,121
552.3012582534277,951.9685650059029,dislike,169,185,165,251,206,63,198,83,225,67,57,217
544.6450993805139,1250.6628360297143,dislike,219,29,76,175,230,184,210,218,205,84,157,126
838.2956161606825,791.5347602278804,dislike,45,169,223,7,124,195,59,147,150,122,43,104
738.622756582797,945.4592133849146,dislike,95,233,111,146,72,199,100,168,29,100,203,237
1024.3306013196332,909.2146062841964,Like,254,36,244,178,153,193,241,17,207,101,172,24
612.6034029588252,1516.5806448202898,Like,126,189,142,104,90,20,251,95,191,133,206,54
912.1729463737333,230.34393445436962,dislike,8,165,202,196,135,6,14,21,175,21,26,111
306.77626171633057,700.877068341259,dislike,210,179,46,67,119,250,120,194,118,7,228,163
1214.9980585149804,18.21610116728678,dislike,196,79,35,198,84,102,15,248,250,212,150,43
159.39293710697712,1211.8021488662584,dislike,243,254,251,58,240,76,91,106,228,77,25,43
875.3671776710586,605.9804576830572,Like,175,164,77,36,52,243,126,200,18,38,216,112
1147.4854461252883,968.7206687470249,dislike,135,163,138,66,57,165,199,19,189,191,16,22
1578.1656510892067,116.28324172321226,Like,164,189,121,55,112,167,143,78,46,179,248,160
1083.347034321185,1916.5854733229944,dislike,160,72,16,181,208,163,68,106,63,125,24,140
1960.5094936706735,499.54455277967423,dislike,75,73,32,95,187,226,126,237,192,215,83,23
1666.513201812293,382.99898970289246,dislike,28,200,40,93,220,136,48,7,123,156,5,54
711.5475116751555,1335.8407371970814,Like,200,80,105,225,25,249,81,101,102,27,113,133
859.8487055549214,1848.054417186863,Like,52,79,52,149,231,137,216,171,167,184,58,33
273.35755823577813,1414.400919677632,Like,249,164,253,192,218,113,166,30,121,57,136,37
1483.0521896959622,1725.8558138519807,dislike,46,43,234,123,174,72,62,66,49,135,113,203
1810.4986869755935,1445.8579590009545,dislike,236,5,61,191,91,132,54,4,63,4,206,214
1622.9532423052005,1940.1088491498995,Like,4,145,254,4,187,200,14,234,117,149,186,168
1034.103260324953,1209.8517280510641,dislike,250,216,222,113,168,184,146,11,53,106,7,115
1511.4813552077196,641.793354834834,Like,56,84,43,57,11,118,88,101,182,125,47,63
1661.1599365845598,783.23757178073,Like,104,26,20,67,239,0,184,95,204,147,230,138
882.2609392622494,1841.8808219117302,dislike,149,211,254,80,147,215,112,14,171,41,51,21
1049.6005610335665,1494.8749216838435,Like,77,218,222,21,198,125,243,46,45,35,86,241
1582.9178159863322,1829.3216046210298,Like,182,39,225,11,205,245,211,51,165,166,101,30
638.7079203714284,1709.6603774670157,dislike,31,53,130,83,11,63,61,200,174,51,33,23
664.530075046353,934.4737127988741,Like,54,189,172,202,209,170,95,50,80,81,143,105
546.5118230765593,1321.970007426041,dislike,88,14,207,35,59,11,33,3,73,14,146,201
1341.2569801190198,1728.486287699679,Like,81,23,104,200,110,135,250,233,170,225,26,170
1966.0326280920294,464.76708972175527,Like,64,199,93,233,157,164,67,191,58,176,183,114
168.73936131601351,253.63833426815808,Like,38,173,107,186,254,169,10,7,59,73,42,46
43.41737538264301,425.12782474384727,Like,228,30,132,67,217,95,122,134,241,23,94,216
322.5131050550225,893.3563391322399,dislike,142,157,88,74,162,173,220,33,14,128,253,61
275.4203001590525,1905.3839208105505,Like,201,118,254,129,240,217,198,145,154,238,138,78
811.873219472584,224.6721730665564,Like,1,15,74,187,204,206,74,44,252,144,173,85
378.76301418274204,727.8487665005016,Like,222,228,22,169,38,96,93,231,221,10,51,175
1451.1482572490925,432.7446137467306,Like,106,51,46,42,205,60,242,109,206,149,19,123
1933.3961076572634,526.8249894426573,Like,64,96,116,9,97,85,154,82,79,166,156,11
1714.4409865636705,1619.095932453819,Like,38,126,81,225,217,97,22,190,183,71,196,119
1115.666796450333,22.11362603081035,dislike,93,160,186,139,229,168,47,220,47,86,205,247
633.4559295833952,832.7036843199215,Like,242,162,211,243,237,238,87,116,178,151,239,144
616.4700789975473,1642.6730629391345,dislike,31,92,52,173,177,227,154,166,78,150,181,194
1476.2864173461521,1111.3585115242172,Like,28,118,4,165,7,53,36,6,77,245,143,209
670.7874030186281,1185.2156919342033,Like,136,215,234,159,151,211,61,197,133,177,216,148
48.69337047301015,1924.4839430223767,dislike,106,101,253,3,97,66,120,165,189,246,253,43
222.34570592862002,1265.3796813850408,dislike,217,36,146,14,94,13,102,214,115,134,191,139
816.5975155057321,1355.6486685883442,dislike,122,243,60,253,220,116,96,250,177,152,238,93
366.4285238381757,986.2243213487753,dislike,62,165,104,75,23,44,91,250,74,61,99,248
1430.3506348330197,1234.0705876247391,Like,39,38,90,36,180,244,179,82,174,255,124,199
596.8858978864231,556.2144298962901,dislike,224,93,22,135,118,110,156,203,36,34,91,92
1868.5802310169684,1305.817885885009,Like,236,8,86,4,15,9,165,84,172,179,251,63
65.05734847875466,1097.965773867203,dislike,193,195,75,233,164,142,50,233,29,232,55,251
1174.0107824655815,585.1235696317125,Like,232,175,28,192,254,193,179,179,53,114,33,243
639.2149007480308,1460.370013639169,dislike,212,119,25,175,13,237,97,235,222,44,202,16
1678.0967936084726,1563.850397299498,Like,206,46,194,201,194,100,70,222,59,156,48,69
1708.6569212675424,94.92422272531287,Like,45,99,159,236,25,201,171,1,246,93,122,38
1563.5181295115349,1885.553181622539,Like,40,253,46,138,15,71,255,51,158,158,208,228
1743.8758588461244,174.24238085139731,Like,228,93,235,88,94,47,91,111,166,211,88,9
1073.7147427616255,221.7745588354314,Like,235,37,240,27,196,198,145,138,33,96,106,93
897.2040636786625,1356.706976756349,Like,185,208,84,250,167,221,94,29,191,124,189,238
30.09824308841513,1019.0369294983102,Like,250,65,224,171,184,193,232,228,158,125,55,236
1072.2399895803371,111.53281376561908,dislike,140,205,147,175,154,252,77,132,144,235,54,120
1052.2190391226845,29.91583448750479,dislike,105,103,64,234,166,111,73,180,237,91,246,109
1771.425063605359,1943.4472375555647,Like,132,92,160,25,57,58,74,62,202,97,160,78
1413.9627932844219,68.43794672466453,dislike,196,125,94,143,223,96,242,147,241,81,127,200
843.7139865713472,128.20276009162,Like,152,127,170,94,70,73,212,115,2,61,132,227
1559.7931087448642,102.1248023419239,Like,137,187,77,56,4,140,127,176,154,198,125,15
1433.4358650446177,1316.80727436123,dislike,88,139,192,255,232,116,100,162,215,230,225,13
289.96910347565927,1027.1653004703144,Like,172,234,151,197,98,120,138,7,228,54,72,109
1985.8683812937552,1147.839056540331,dislike,42,171,143,225,108,168,167,225,175,142,192,206
1869.7687337453044,999.6879525852356,dislike,224,133,123,94,119,241,2,94,35,4,126,67
356.50305844052707,1078.0142629119944,dislike,193,3,215,100,27,53,3,205,12,81,117,217
1617.1295110858757,799.0369080055189,Like,126,210,13,19,76,199,77,137,64,12,67,219
1977.5384586661626,21.613345320119937,Like,100,168,43,57,100,56,77,183,94,13,176,37
457.18130916175005,1699.0809871238957,dislike,218,45,80,51,233,144,50,161,8,150,36,13
1370.0563921794194,484.12308279587825,Like,54,36,209,231,101,233,148,21,171,255,3,56
152.10456712273034,1322.182532459768,Like,128,93,79,6,133,111,126,12,2,161,229,210
453.59696812970054,99.32748276621118,dislike,240,223,84,223,154,15,24,109,28,236,210,10
492.7448054604584,1682.1433520275139,dislike,233,234,162,250,130,81,201,201,175,178,147,121
1755.6779774207073,1453.008440159539,dislike,104,54,125,82,8,186,16,192,153,0,80,187
1490.2669499179224,1098.8993439903934,dislike,69,232,172,135,209,23,100,5,186,92,198,183
336.39284574842134,524.976868558723,dislike,149,61,41,166,4,142,138,133,20,191,123,224
576.7932677120671,888.8816273534663,Like,40,136,188,49,133,215,166,123,169,124,177,241
735.1543230991759,1431.4320059769234,dislike,44,116,84,32,155,129,102,39,197,3,193,205
515.2368526584961,878.9442470935562,dislike,161,10,93,151,111,212,60,170,93,131,246,20
1942.9418218033218,142.21566338013793,Like,234,165,38,98,122,39,194,26,161,207,52,6
1350.3777997335167,809.8234876661417,dislike,244,255,24,17,60,189,172,105,187,160,129,216
664.3703823816585,1535.744305954085,Like,166,19,20,144,91,26,139,237,145,85,235,186
1818.9215334576468,1564.284937420977,Like,223,148,69,137,3,167,132,58,40,182,242,216
803.7967747559882,621.6232588763726,dislike,181,52,212,215,49,187,106,214,3,53,251,253
273.58950157952023,940.4477859072955,Like,81,115,40,183,115,21,251,133,157,204,184,198
306.37402680055857,536.4495266323024,dislike,164,206,71,219,34,62,41,143,248,101,205,56
1961.7790458634854,497.0857246140634,Like,29,102,205,234,16,170,34,214,1,200,222,153
1233.15515494994,377.5053105867914,dislike,159,197,147,141,226,186,243,137,235,135,156,185
1644.787226902647,160.28013495541282,Like,130,225,67,29,175,125,164,141,137,144,165,130
712.9819135147126,1829.671841149464,dislike,154,17,235,237,205,160,37,147,81,25,121,164
1806.9164132160802,1267.084399810992,Like,246,20,103,167,188,13,74,214,142,133,148,143
828.0312897898912,1963.18322187164,dislike,64,3,222,27,18,109,57,227,241,59,161,209
1494.5549873534137,1709.1534741543353,Like,98,113,170,137,70,119,82,121,154,65,242,3
1345.9949295321092,1689.6315903042953,dislike,37,177,82,133,131,235,199,2,143,168,75,100
534.0235242006985,1688.7365972310233,dislike,32,35,109,153,199,132,151,187,210,92,169,140
147.99459986028586,34.94968729382242,Like,52,228,68,244,170,248,131,81,251,85,3,112
77.50690752711753,234.6878587256014,Like,28,243,159,27,185,57,152,90,146,215,9,15
349.5094222195838,110.80012824265428,dislike,54,44,190,189,203,40,60,138,189,129,32,220
1810.6268832937312,476.2908532083423,Like,182,199,215,247,203,234,239,7,77,189,194,9
708.7096853974624,610.4574454658994,dislike,17,160,202,168,56,250,115,250,102,7,101,127
489.36797798018694,1098.1083750495925,dislike,173,192,244,15,105,63,176,77,4,77,14,193
1813.5248224569154,555.0903436184092,dislike,185,69,94,155,105,173,131,75,196,36,131,146
2.62858986903014,1652.7534283507566,dislike,138,144,21,64,194,216,151,90,251,113,58,188
1866.0035940302369,1593.017589196452,Like,38,64,103,193,166,33,2,137,169,17,84,30
1450.5796123824516,1731.8517220015192,Like,153,248,248,48,35,31,0,161,36,167,122,230
1220.521148129229,1771.978098694678,Like,237,165,39,69,120,166,137,78,91,60,100,144
712.7500976324399,1682.3245545631655,Like,99,182,66,141,58,37,96,115,100,53,77,90
236.30954816764847,271.7395733172323,Like,147,18,129,69,141,247,2,113,136,194,94,154
924.060027237616,1196.3604796130167,Like,168,227,122,172,112,27,219,190,169,4,3,4
1881.1980758690697,991.3163603823157,dislike,200,253,106,1,226,100,201,29,155,140,100,192
447.8413697703405,1158.5567141089118,dislike,119,59,170,137,46,234,14,15,240,92,118,232
386.9096126259135,1200.5640506013033,dislike,39,243,95,252,216,113,36,145,4,62,111,224
303.66633919577856,790.7458716693972,Like,196,163,39,92,154,81,52,12,180,144,124,221
659.4498144456516,939.0144964260287,Like,211,119,110,22,169,227,147,192,245,224,4,47
1463.2705096205982,1859.8638007097966,Like,100,206,253,22,46,71,78,221,104,234,145,178
1912.4063338804717,1191.5692330369518,dislike,227,24,196,11,128,90,70,135,69,198,0,254
916.7529377476113,937.0469708854898,dislike,252,113,148,47,114,174,92,144,252,135,34,239
1897.1630417018505,1286.938843648476,Like,32,32,119,82,133,240,227,25,127,190,181,55
811.6293508385227,1426.580694268868,Like,217,166,157,45,58,234,222,91,203,53,192,131
691.011144892227,1541.2407348029292,Like,201,48,126,68,2,168,253,13,136,95,153,188
1860.7416151286989,202.65616068886615,Like,132,48,147,79,11,71,233,144,221,128,110,31
433.0168838134738,211.18521212046227,Like,3,228,228,199,248,140,211,41,113,109,217,242
1422.9702734519094,1430.8248729657805,Like,35,92,63,62,183,231,128,32,155,122,186,246
691.020507217054,382.93111385213183,dislike,220,194,180,115,185,227,55,188,195,180,234,121
13.829362902204156,1292.845291520925,Like,56,219,122,192,82,128,147,217,243,224,84,179
425.14774822284096,1068.7263660880176,dislike,144,207,53,241,79,145,8,188,171,79,248,16
805.5020797649837,146.00853113533964,dislike,17,218,124,235,207,152,80,12,239,160,19,102
258.8864161617048,185.38811171807313,dislike,66,201,104,30,87,106,189,76,247,142,3,193
418.2405592492058,1018.4551022190964,dislike,204,95,79,16,39,76,103,87,172,202,113,30
1287.3302330479864,1917.4826210663662,Like,175,20,116,36,183,52,108,225,106,104,209,143
1367.6867797974414,1516.1066147357328,dislike,13,73,43,218,20,2,125,253,38,102,70,4
591.9911593082219,1081.6293671060478,Like,141,76,103,51,150,84,126,252,125,13,189,173
645.2476545588697,879.2273234648145,dislike,58,49,206,17,240,110,210,120,115,175,144,251
1545.9197748209824,1282.723199757815,dislike,222,125,189,180,48,153,104,188,184,76,172,193
1867.8141657443887,14.649938746749802,Like,38,135,159,222,137,10,230,132,118,162,212,216
1601.679832014504,1470.1974799189622,dislike,62,184,198,147,27,80,66,159,101,10,244,162
1846.331565346799,1990.954389684224,Like,100,161,219,247,12,62,223,220,148,196,28,101
1994.1351558277918,862.1844330678421,dislike,109,226,164,215,33,126,235,245,94,98,26,223
378.6720433583908,1158.7100796273594,dislike,55,236,213,129,10,95,172,48,82,167,134,61
668.2636771881827,249.2545634775165,dislike,244,253,18,109,118,255,221,202,138,164,209,44
310.09293917039747,79.21508566709234,dislike,55,63,6,208,182,43,60,138,105,131,180,190
1118.1293628106682,885.8510691085022,Like,138,146,11,46,63,152,222,113,60,186,235,17
140.4291456893265,958.939222112567,dislike,36,128,6,117,193,55,228,165,164,25,98,99
117.50949521654496,546.217510747284,Like,162,79,78,222,171,83,217,202,207,79,238,160
799.6671835325482,264.0732934893804,Like,244,18,84,202,110,100,241,225,51,21,17,224
1610.0564283853475,982.8023712579233,Like,120,209,128,83,64,76,147,190,84,110,33,159
1829.3877035056344,1549.925933181948,dislike,236,145,84,30,216,220,175,20,67,174,228,184
1689.4494596012132,696.4435948845047,Like,141,214,107,15,151,144,195,146,197,216,183,54
1497.5226316856372,116.61141783662976,Like,173,199,51,251,81,226,121,163,230,91,114,209
1787.246336571264,927.7856349778053,dislike,37,240,60,165,152,53,230,57,160,177,151,204
1323.913110998365,400.50971372931923,dislike,103,18,235,114,245,206,202,176,184,89,164,251
1579.6847033926151,1444.7858339028235,Like,48,22,57,187,162,222,142,131,196,195,116,199
184.8236866708266,555.2407531011083,dislike,175,225,113,231,255,7,110,152,34,204,141,144
5.476792839478994,119.11814463524829,dislike,48,198,119,23,26,137,46,89,146,139,10,229
83.46071059082605,1848.3473649523455,dislike,190,131,248,110,48,47,97,178,24,205,18,146
663.4957120516536,11.865831992021736,Like,46,42,13,151,15,119,65,201,221,15,157,125
971.9470813479765,1557.736271012986,Like,150,157,116,18,184,76,246,76,123,227,209,6
344.6228387331165,688.999639973814,dislike,135,174,52,226,234,35,141,120,235,79,172,174
1445.23893676618,452.63965281445405,dislike,66,91,32,7,245,99,222,235,77,9,100,70
1848.6309901391828,1520.1383866258936,dislike,179,234,92,173,5,85,238,167,43,253,157,218
1861.0737780294808,922.3769116725014,dislike,235,203,250,231,73,112,223,214,132,132,25,8
1016.5710174511444,271.52970762723027,dislike,88,186,183,49,135,195,141,120,245,191,122,156
1885.0860951806496,1416.4102049935163,dislike,196,108,89,157,94,141,206,159,125,29,194,255
1147.7645740309254,377.2592242179742,dislike,30,81,143,227,84,102,246,236,51,54,135,6
1265.6156866024135,1989.4139745957089,dislike,128,47,143,152,106,241,239,181,104,247,19,84
597.1613370092865,1197.4368209024544,dislike,108,70,143,177,50,88,64,176,136,251,81,50
444.79021330220434,1439.0168371642087,Like,183,178,40,24,45,4,226,21,134,206,222,124
1082.358347358683,1942.0803464385706,Like,84,105,29,119,201,120,154,143,100,9,247,38
1444.2849333301856,1011.4562601602129,Like,160,149,224,124,244,197,90,11,195,35,125,239
283.5356551632635,557.6249240762676,dislike,200,244,195,94,230,66,28,110,241,203,18,114
726.3970267628353,356.9264386604303,Like,48,155,211,59,60,225,186,170,18,149,85,0
1169.8511883631688,401.75995964000697,Like,15,158,241,5,44,4,146,47,174,166,230,97
1399.0642280352288,152.58514400267288,Like,219,212,221,231,113,113,212,129,102,41,195,20
730.7183399885226,1997.6394664101301,dislike,236,245,75,75,46,153,186,191,117,99,117,198
163.3621431093457,499.44220760156696,dislike,229,28,96,102,153,226,250,14,94,45,13,171
1039.0293741887838,1314.494404544494,Like,229,84,82,129,139,242,82,176,192,88,45,254
207.44316233072047,1103.9586508614325,dislike,28,59,202,18,79,42,1,181,246,154,20,87
1558.3075836667324,1673.2648556738538,dislike,81,154,149,68,208,144,255,211,221,135,127,17
354.895754817083,530.1886711609804,Like,247,102,218,152,197,87,181,24,204,75,39,182
1479.5511718860612,185.18295615528734,dislike,100,53,33,119,5,180,191,119,189,96,173,45
1959.7493257620092,1101.1458902141685,Like,206,97,242,74,23,163,83,163,38,248,76,5
1858.4275094273917,612.5150050825141,Like,116,242,36,24,57,197,89,180,130,0,254,226
1812.9389137091162,1230.1825677909303,dislike,250,26,43,157,43,228,110,147,19,91,246,228
1959.2962881999592,1947.7938367277186,Like,99,209,243,52,17,246,9,214,223,199,73,90
1076.8546748708093,1775.4578401588512,dislike,213,248,255,113,88,234,90,160,210,180,79,73
949.8881599365718,635.5491246707128,dislike,31,27,71,164,89,254,124,0,68,134,37,211
696.7508714844439,521.9262735716839,dislike,230,235,92,178,127,40,83,209,175,60,153,105
275.303396017307,867.5035352296559,dislike,129,41,213,250,106,138,198,205,136,2,248,117
1396.8134878076223,60.616125880609495,dislike,163,188,71,84,253,23,247,40,34,192,189,171
178.32047706125832,840.6995970862507,dislike,150,171,126,207,45,145,15,201,108,146,69,12
1154.6010433681158,22.31289224386068,dislike,175,76,156,197,239,174,161,210,200,216,174,58
336.1996120200963,967.5074328465384,Like,66,83,100,101,113,56,63,105,26,38,98,192
901.4754119751071,1434.3208346157855,dislike,112,51,0,48,174,25,47,187,9,228,62,158
995.0866214501373,1429.2915576551197,dislike,189,33,152,3,102,81,61,230,202,132,88,114
295.77194265749785,628.0202701928847,dislike,125,162,136,199,68,151,172,55,179,68,57,31
1737.2395509322764,1662.1799529081713,Like,232,36,86,81,16,129,200,106,17,243,123,252
157.32231452671263,125.68269381682673,Like,140,42,56,90,56,226,243,82,17,211,223,224
1603.2872757256687,380.8776829278893,dislike,198,178,36,20,142,79,199,152,70,11,63,98
1955.2443804186069,1677.9852579262654,dislike,150,119,252,66,218,106,75,174,83,58,193,240
1244.8980622842407,411.74764793247175,dislike,99,204,70,72,127,95,130,191,48,240,139,182
1340.5382309402896,759.7927221539164,dislike,108,218,112,89,117,205,140,63,206,249,24,36
194.09182742603858,730.1216123847694,dislike,209,22,130,129,234,119,250,231,224,177,3,38
1677.091044121109,1155.6655578591449,Like,241,136,192,40,124,202,97,108,171,255,168,178
1424.4283555772583,1678.6131175846804,dislike,47,92,230,38,132,22,228,7,1,137,63,48
1594.843872648376,1823.196085389763,dislike,201,163,68,56,126,253,161,231,33,104,148,157
542.570711660079,822.0995337237915,dislike,142,172,245,59,163,198,208,131,67,64,117,232
9.909998778528717,1292.1577128307047,Like,86,168,135,88,190,82,153,248,136,72,198,130
215.7431039886626,1482.7314748334904,Like,41,42,210,25,141,114,178,101,207,228,74,208
1200.8113487413739,373.7479854252108,Like,14,33,17,227,78,225,230,69,227,107,158,71
60.343476982887225,1700.695840490084,dislike,5,12,81,149,55,73,207,15,11,112,30,13
1770.6547423188356,1535.476485622044,Like,60,223,247,202,1,173,244,47,13,12,41,132
743.0623595333748,103.35274097535252,dislike,94,4,113,30,49,176,81,201,65,240,138,3
1630.682659582108,353.4406107271752,dislike,42,151,56,136,167,243,114,120,117,186,56,33
1053.0489859351917,787.658514274836,dislike,32,58,34,136,162,67,18,164,215,210,100,148
1341.8478600935962,610.7773155533764,Like,104,105,128,121,118,177,207,23,59,54,123,74
155.09571013089163,1982.3967861246558,dislike,30,70,140,70,153,245,111,178,156,9,13,136
1673.1765071930815,22.108456624664985,Like,240,243,54,30,82,181,255,238,205,129,215,0
959.4950794016062,209.72490094995266,Like,224,151,95,240,14,99,177,112,54,2,197,220
1194.7877133256209,1655.4360050867156,Like,42,115,22,208,90,250,147,78,12,185,200,144
1675.1153742413012,1237.752391851134,dislike,208,217,188,67,111,240,50,150,178,167,197,29
1813.666779191573,303.1534048938802,dislike,198,93,175,123,216,25,253,18,208,47,38,199
1757.0885881529039,1947.4865844619585,dislike,217,93,76,160,143,187,216,146,110,235,111,68
52.30886993095307,1300.010459607181,Like,245,6,189,72,62,223,210,220,242,75,121,125
628.4977427358709,368.24572655040043,Like,15,110,242,183,121,205,83,7,74,228,68,103
439.32042436580576,1877.9231677540386,Like,255,53,155,40,90,202,35,97,158,154,149,27
1195.8800923027206,136.44360097565155,dislike,127,75,19,46,79,232,0,23,188,201,67,140
1325.1323874593813,434.5449880998995,dislike,45,69,69,60,169,222,181,42,141,40,252,153
406.993885021508,1060.1488587843114,dislike,68,169,88,121,48,50,145,251,38,121,176,238
503.82496578734725,958.0433779862434,Like,187,215,102,247,102,171,154,132,204,109,51,169
363.1691895568574,1416.5274158049383,dislike,62,1,94,64,183,123,241,52,124,250,128,199
1279.9245197035889,278.49305041907854,dislike,162,137,36,28,250,125,170,0,214,255,128,13
1997.6772346159667,1283.57979445456,dislike,104,56,79,216,17,73,21,175,19,123,202,71
453.2997103095493,227.66870983586028,dislike,123,99,185,229,85,130,242,59,159,94,131,33
491.4804965459132,159.20363831530392,Like,86,76,255,94,185,84,243,36,236,164,173,15
1557.4081642383755,1880.408539413718,dislike,195,137,217,32,153,175,76,73,49,244,187,66
1701.1201464829917,1821.5678855769404,Like,20,2,204,109,129,155,189,136,209,217,241,241
1840.1435618659402,1683.0117881631377,dislike,217,39,116,84,141,254,12,252,107,101,237,92
1994.009565818198,1954.66745397262,dislike,175,209,237,185,45,220,53,119,96,180,216,58
1049.7028426493935,1099.6648040690238,Like,79,185,68,166,9,109,164,19,40,171,2,218
1100.4946952294658,1923.5404582288154,dislike,129,225,22,28,160,119,58,132,152,225,195,1
1022.6947350550197,1311.9691653847233,Like,45,225,32,143,97,175,107,130,44,80,67,185
980.3211772169178,387.0919916668978,Like,221,153,247,40,116,50,182,199,176,66,23,239
1066.1711660227434,977.6879190604355,dislike,131,177,232,82,62,142,147,172,108,247,188,234
1271.5379092512621,1577.8245506794542,dislike,143,109,116,100,67,61,41,42,121,116,86,121
1339.0466107472819,313.6823503779005,Like,71,63,253,200,59,16,187,247,48,105,222,123
1759.7294652530936,1085.7902028997755,Like,147,188,56,239,204,205,110,4,27,242,180,112
1401.2488025376151,1393.6933300906007,Like,114,24,189,27,251,107,13,208,208,130,225,252
1125.6320767092836,168.62701484150168,dislike,38,25,106,130,45,172,1,222,186,2,200,124
85.02680959139019,4.95561890680607,dislike,199,10,214,78,225,204,235,217,53,241,187,59
396.59124583129744,6.632683573078557,Like,148,84,30,239,39,204,149,69,230,32,47,86
642.5840880746565,63.02860700799595,dislike,106,193,231,164,5,131,187,43,194,228,65,4
1442.1898164033796,377.0395327596259,Like,126,39,122,99,185,215,4,48,53,15,145,243
1744.5903855753672,1734.6333707335573,dislike,151,2,59,200,189,224,55,121,37,80,117,19
1088.7461012747679,616.3899727806437,dislike,193,36,153,75,148,25,58,254,87,245,113,18
697.5975100342047,844.132015613622,Like,59,135,227,5,168,153,187,41,188,67,229,186
1033.3827044598918,1797.460748111843,Like,15,97,167,87,83,78,71,223,67,52,19,52
387.62236676575435,1533.5784348225468,dislike,106,56,208,155,139,76,118,234,169,114,43,77
1139.2864868632576,1516.0158938047405,dislike,113,215,65,52,4,17,95,55,130,225,163,157
1418.4021359675748,104.17050594132071,dislike,121,81,230,205,129,130,69,162,241,228,194,67
551.2230744657413,354.5469520904791,Like,7,252,4,112,29,206,145,85,217,148,143,216
378.86487022590586,1190.7992276589953,Like,65,97,63,221,61,152,65,120,216,17,241,14
1367.7331299022508,1270.9706777711713,dislike,49,185,81,6,47,178,35,213,88,163,96,93
1016.9636820415069,1109.4177610076833,Like,28,125,73,248,82,109,10,119,200,30,9,203
637.9483538134865,483.5333088621148,Like,139,228,78,185,133,202,166,28,196,216,197,108
1435.8239183334485,987.2393830217283,Like,141,20,73,99,45,205,161,185,124,246,174,44
1255.7536580390176,269.7533866019819,Like,112,172,199,57,41,78,244,156,228,218,249,243
1624.7805125250172,651.2881336933854,Like,200,107,58,197,43,99,183,202,161,122,120,186
586.5352143335052,1424.6419224288356,dislike,185,173,5,241,221,77,15,195,227,88,150,210
1085.0391974158179,460.23449052489696,Like,150,67,99,21,36,78,37,56,54,2,99,106
1208.1124844927542,463.8375187864683,Like,13,8,4,40,191,6,246,161,200,190,125,91
1646.4525857111576,526.9518380340168,Like,255,254,229,253,16,229,33,6,94,50,89,105
750.7220236751981,1570.5101275892819,dislike,225,155,239,150,12,176,106,243,5,113,146,242
455.0074239955846,1123.6254683544646,dislike,54,158,29,40,87,103,60,27,85,49,194,167
712.9084976668664,1643.6662321802216,dislike,100,136,103,87,101,111,153,45,99,189,32,37
1431.0233082798766,969.9789995943408,Like,176,57,165,211,3,58,55,77,243,75,125,45
202.00981316688816,332.92807255957024,Like,200,249,169,54,147,184,142,4,68,80,35,8
889.805858677148,1566.5625589682388,Like,195,201,144,222,251,102,162,35,10,11,236,176
1978.9865379726102,1213.4014231100844,dislike,241,86,17,195,16,110,18,160,7,165,126,73
1665.1495254753615,1985.2386225662224,Like,35,136,29,18,126,27,73,49,50,43,180,253
1521.2615014689209,1419.9291346316322,Like,33,1,33,204,173,200,216,97,76,195,237,123
1961.730879076335,1264.9656336405722,dislike,119,147,114,73,68,210,107,236,38,6,226,69
939.1127135904218,381.1907498712961,dislike,78,8,98,68,187,233,244,7,32,22,32,185
1231.2544010519648,596.6411226592179,Like,127,7,216,252,68,191,69,85,166,47,236,163
1542.165146330343,1280.320373235177,dislike,116,66,234,43,33,34,25,82,2,12,191,207
1591.1700486013542,1949.9077788815703,Like,218,37,123,48,230,52,53,109,111,37,18,136
728.7427004986187,1948.516509019583,dislike,117,160,228,176,162,82,91,160,67,10,92,18
364.60093497399714,1378.7649867300754,dislike,121,126,177,4,153,173,57,119,92,215,131,35
368.66973986551966,1355.8222049000858,Like,145,82,242,114,86,102,3,0,117,122,233,149
521.5902323632313,1911.0764150182772,Like,80,149,219,138,132,34,115,146,17,149,213,37
1439.4002408299427,1934.135781732148,Like,70,147,195,15,233,251,195,158,242,18,208,31
946.8891498710848,561.8954565228082,Like,184,65,245,183,77,178,178,83,242,224,20,150
1692.0812137559035,610.2799350842652,dislike,163,125,165,109,11,72,191,221,48,199,240,48
1200.1890761246714,277.4275393143752,Like,63,174,195,33,170,126,105,46,20,131,201,170
657.689047765676,1785.9872493730138,dislike,224,161,243,72,80,30,209,105,126,72,113,243
937.6151242364795,1665.185690871061,Like,80,191,160,0,184,222,240,181,25,40,76,117
1216.0062448138665,1006.7375496687365,Like,150,175,222,145,167,181,88,223,94,99,20,174
680.6200297809968,34.557575264750454,dislike,186,163,173,37,229,102,64,166,219,238,109,66
1783.4997367861863,747.4725805866076,dislike,226,124,136,25,222,78,87,127,85,26,167,204
604.9631045175545,1495.450426876333,dislike,48,89,224,102,82,27,187,174,110,90,149,143
1269.6109825093324,1737.2542992420201,Like,225,40,58,235,73,255,96,137,130,40,8,145
1866.881642844781,592.2460287067388,Like,82,89,14,171,199,9,128,192,90,62,44,23
738.0701463481403,907.7229002007164,Like,225,220,138,134,168,43,235,168,162,12,213,185
525.2411672057929,1041.2383576275577,dislike,75,96,128,35,139,74,49,98,47,244,94,11
1742.2232258661497,688.3969475891286,dislike,111,27,173,225,220,199,211,25,234,10,156,176
472.60316579641693,1580.6591500924312,dislike,216,223,10,27,74,158,183,60,84,38,108,241
922.9349050105322,595.68093330275,dislike,79,41,14,138,121,231,29,240,248,190,254,94
909.9003072639848,1490.886381400049,Like,74,23,94,62,149,13,105,152,72,34,195,69
132.18987446913033,1607.387681736258,Like,228,17,120,231,149,40,16,209,250,73,242,198
1670.415811266398,258.6267275432612,dislike,92,159,154,10,182,236,51,98,54,11,142,112
41.24694769306214,465.03180642289556,Like,181,177,101,110,192,99,175,5,46,230,178,54
115.48980865545855,1364.3405415668267,dislike,72,2,56,94,103,131,3,80,203,237,88,130
178.67945139923737,1322.364411924914,dislike,39,100,134,115,131,183,204,178,246,178,105,115
1399.6693996211645,118.82308859936063,Like,212,220,75,81,114,219,144,178,119,74,79,220
861.2446939707374,918.6402125999109,Like,255,25,188,8,68,41,245,230,208,204,53,71
725.3334249485404,413.0161030814079,Like,164,18,27,22,114,249,115,195,9,215,19,231
1808.717653003462,943.4622796827556,Like,194,50,137,254,93,148,125,215,198,56,193,111
1357.868892475786,1880.9858120538283,dislike,0,23,150,66,157,167,103,24,162,105,4,232
1278.5905638143604,699.6593097777281,dislike,94,134,142,140,114,247,142,160,200,81,212,30
1583.0690681587773,53.94715178864096,Like,81,15,7,231,43,201,203,115,173,25,94,242
1908.3482628617924,1394.1065152112647,dislike,146,185,23,48,146,118,7,153,44,216,125,142
637.2076611947919,9.306268895457048,Like,165,104,175,109,73,183,226,129,243,5,147,78
153.59346291745425,493.4185420805779,dislike,89,209,16,220,199,24,217,102,214,153,79,9
1446.0627191284802,1430.4336398441026,dislike,253,37,67,8,138,200,231,51,60,186,57,16
966.8081291363493,169.76423689794595,Like,165,46,110,107,134,41,17,73,174,207,219,33
495.98822175260796,697.7275261460702,dislike,40,80,219,73,176,133,145,71,169,103,84,190
1011.1785714045944,755.1111370932455,dislike,179,100,183,255,78,56,83,211,48,10,107,162
1588.5093820418142,914.8179596135908,dislike,3,100,212,219,189,144,58,252,153,45,8,113
1822.0089485328613,1585.33073859046,dislike,234,114,112,16,230,116,20,253,17,243,42,171
1568.762423669435,1600.1973939450775,Like,175,250,146,55,40,243,168,233,54,72,173,89
817.4501129300422,1383.1895650288116,dislike,250,109,221,104,101,173,225,106,125,253,97,75
882.0487080063233,609.9054641455641,dislike,174,160,231,105,169,17,87,41,229,192,129,236
71.02395243355986,1294.229817491883,Like,148,218,178,229,206,87,101,18,29,220,20,155
1778.1184186822134,856.7472456892104,Like,74,36,43,214,145,243,11,180,199,105,75,96
306.9809355830209,230.08838926919384,Like,215,61,24,117,246,165,246,101,214,134,196,138
1762.5224449144705,1148.5772123543613,dislike,176,194,120,165,236,18,182,228,31,116,153,232
835.5817274214605,1651.6969392186622,Like,125,236,49,157,90,153,33,90,13,26,112,20
1688.0213007004998,961.2213821350575,Like,109,103,21,193,135,13,90,185,161,11,74,189
1208.7532124441366,1108.8874557169347,dislike,125,57,132,86,179,184,181,133,110,63,58,119
1519.9962776596342,104.35016917242467,dislike,16,86,180,236,62,87,248,208,10,178,155,107
1438.1777484584356,1561.5513278077353,dislike,70,34,254,191,255,146,21,245,110,116,136,249
862.4847288233666,861.1931212511071,Like,11,54,140,111,211,1,200,133,166,172,149,49
1746.6209357247149,1144.7214803639984,dislike,101,217,89,86,230,203,108,72,119,211,170,194
1270.8075986604856,997.3276468701182,Like,129,79,116,192,72,135,105,13,65,229,163,198
1773.5615903050918,1134.8474188645932,Like,221,197,41,83,168,138,16,112,186,33,189,251
115.67077481530985,203.37400889822632,dislike,191,151,157,222,31,84,67,189,111,190,84,181
1631.5520972859133,1517.6652615132302,Like,88,180,139,153,241,149,197,75,35,75,78,235
179.6284005416109,894.615106278108,dislike,240,24,144,87,233,244,83,38,74,50,209,232
138.83964351133525,1417.6832903860495,dislike,139,216,189,55,193,164,225,81,156,4,198,105
1471.4579103843366,383.4485688840541,Like,19,107,25,44,210,191,214,241,177,214,93,209
1045.0388277531515,1650.369652295368,Like,255,97,128,148,80,255,186,25,201,179,16,28
1439.0792069771499,1351.3464124820453,dislike,118,142,137,21,240,22,132,45,105,137,179,49
225.89253752795702,662.953146507816,dislike,212,81,248,127,126,103,114,165,76,162,7,55
569.6008181140555,351.3363991319773,dislike,255,209,144,231,225,229,81,208,195,24,72,255
799.7687156478648,880.292637928972,dislike,196,19,107,206,98,159,199,87,9,174,43,182
541.9033949755368,607.0508168519293,dislike,223,137,152,113,44,76,212,133,107,70,132,140
1572.1065527894407,1020.3548756894767,dislike,14,66,11,131,140,248,129,78,113,147,168,102
482.2205035723137,1463.9934838018153,dislike,161,214,20,191,46,10,113,6,170,190,129,85
1374.0454961856533,507.18752916143114,dislike,77,98,139,92,27,147,28,158,9,59,8,8
583.6947136368433,539.5418451582841,Like,47,114,132,0,68,251,80,78,204,139,214,48
1574.1263562928063,400.5392131819092,Like,210,17,102,58,249,212,118,194,30,26,108,55
729.3939353977603,102.21369797676805,dislike,221,43,103,177,145,149,155,157,252,23,189,126
1294.1528542907117,515.5502397864362,dislike,237,47,12,189,134,238,49,5,81,230,89,204
1484.4150601742097,1307.903581003897,Like,14,20,111,231,119,245,176,80,22,67,109,155
995.4262353814287,1422.1426837632428,Like,230,231,230,0,12,45,237,78,194,164,17,194
268.7959171289964,1660.8517749153132,dislike,214,189,104,193,129,88,147,238,167,206,118,115
178.53778678147992,1440.729809367019,Like,142,68,66,126,77,54,179,59,91,48,182,189
1885.0445655260542,1641.8636667846301,dislike,28,118,114,130,95,166,193,179,67,7,71,30
74.15686935799704,1934.1877111208676,Like,32,103,251,112,223,21,37,119,3,235,215,7
1497.9044962229254,1490.5194304592449,dislike,69,229,97,227,211,159,199,34,172,187,61,41
837.3117249984367,1233.8555188392354,Like,45,97,168,69,244,164,89,74,26,193,63,217
42.11569588119923,1516.2229252274897,dislike,157,228,41,48,222,243,177,147,12,229,200,145
1578.2303822409654,1988.3363712417242,Like,109,234,210,28,129,141,16,165,166,144,79,246
721.0884114208455,238.39907314535026,dislike,229,158,229,86,7,84,209,76,111,23,37,14
425.37065764204243,538.586776087959,Like,188,112,50,193,4,13,218,85,136,62,209,180
1859.331177989424,1484.1907475393627,Like,86,224,185,191,84,221,5,19,184,102,85,230
1953.6241709674448,782.7775139699562,dislike,68,250,187,65,224,128,219,156,95,130,222,53
1654.8036337238127,816.084382592678,dislike,28,167,147,162,193,53,63,124,102,169,166,51
470.82051925823356,1517.3659462694673,Like,76,153,108,149,243,146,109,49,93,244,253,77
1227.4638900509933,811.2946015840017,dislike,87,63,237,96,98,171,134,254,64,0,221,102
1408.7886925268888,596.7348816314313,Like,190,169,238,103,27,206,14,121,98,202,63,24
290.98353879087944,1250.4471354165908,dislike,63,131,10,106,90,201,71,227,57,12,6,234
318.9308055205005,1794.980602082334,dislike,107,232,115,37,85,23,26,114,131,14,102,161
988.8663129128535,1672.765051566687,dislike,227,226,40,182,98,197,174,30,10,56,211,242
747.9813177962915,855.6870342660587,Like,194,199,4,149,26,201,217,110,54,134,45,87
1012.3148870495007,1942.9536568428944,dislike,108,235,97,156,127,192,15,140,212,32,45,226
44.96662503193605,102.00410239469471,Like,65,174,80,180,221,34,225,223,72,90,255,8
471.3379144356129,1324.2907885308036,dislike,115,33,14,249,118,72,193,204,72,206,154,64
244.3060158077899,721.0782431515164,dislike,195,186,219,174,165,141,108,134,230,60,209,216
439.6805028116979,426.72133393463275,Like,178,26,59,138,182,116,153,209,234,72,246,74
779.3661891744646,1507.8896124408698,Like,137,23,232,47,248,69,93,76,148,252,194,248
22.50106720564915,629.0187453544042,dislike,44,29,35,66,8,2,12,79,153,120,32,113
1.130849813694601,752.0953916164788,Like,68,162,27,45,146,51,202,29,123,154,85,151
1785.9866572148394,115.49087293362747,Like,66,185,49,152,55,11,217,146,173,62,193,108
1353.3485380243508,373.8846621820884,Like,200,187,17,132,144,102,16,133,54,86,83,157
1411.0265749250696,1739.2049098872167,Like,101,52,20,106,184,56,231,235,105,227,37,189
784.1221789737136,1313.5105430661315,dislike,223,163,110,160,197,211,129,159,205,7,16,236
934.573248505566,1231.5017412045136,dislike,132,187,230,202,237,42,14,119,194,120,57,119
8.348696790075438,1890.6117371700425,dislike,123,102,83,108,34,21,133,241,167,191,132,60
1924.002386408042,1686.604063133417,Like,218,204,110,60,234,141,112,12,150,104,63,147
654.8391347649498,283.4523429863758,dislike,234,34,6,204,146,217,119,65,161,164,17,171
241.04609828655543,80.62705695616911,Like,192,223,9,48,108,56,51,218,109,78,248,28
1047.9867046439865,1820.0141100684975,dislike,70,66,46,229,99,184,143,212,85,83,205,128
896.2120667286732,1500.5240626464597,Like,0,64,215,24,188,137,47,153,36,159,212,227
1343.7393714398897,1071.5179078640929,dislike,155,173,53,24,191,73,88,38,22,176,72,111
712.3781749939556,971.7490626962575,dislike,85,41,121,109,50,122,227,144,33,231,18,237
1766.6066151202672,1530.936767605537,dislike,154,53,156,134,108,28,249,226,139,224,77,215
1468.1247090062227,632.1637479644917,dislike,67,196,124,199,55,235,29,67,107,228,163,115
1640.462038010227,1692.518732850112,dislike,181,150,178,244,107,66,99,239,168,190,147,48
450.84798066552924,1927.1928612251395,Like,215,158,91,2,183,21,108,130,241,83,252,246
1603.0897891132165,1734.4743869644053,dislike,249,0,158,21,36,178,93,93,31,58,36,5
1344.4499366998245,1423.0910714595907,dislike,236,158,99,85,40,133,60,12,41,216,31,235
1428.5617379343666,1024.0212147734999,dislike,21,25,34,44,30,229,105,127,152,150,37,177
389.2763479531674,1077.4088002485373,dislike,32,153,23,65,214,143,200,207,12,220,200,66
308.1256716271232,1100.054595838138,Like,246,80,146,113,144,156,180,121,50,50,142,163
991.8079359113219,35.7083132833893,Like,154,218,203,105,85,120,143,94,14,217,41,52
477.92980204345105,1980.166993732798,Like,204,139,141,76,52,62,13,233,151,119,132,231
1183.2066352976165,1778.5306736116363,dislike,254,250,123,155,63,26,38,244,146,241,134,239
1369.2649261425952,1255.4014582436023,dislike,39,78,193,109,126,228,55,201,30,196,106,250
1480.1348944614097,331.6384839455533,Like,36,190,180,30,70,10,3,16,223,89,166,80
1066.8755918338172,446.47365430768104,dislike,250,155,178,123,84,125,51,210,159,40,55,79
818.8869568176689,1255.6613348415092,Like,154,0,130,33,238,49,135,248,234,81,231,77
1363.1540121707555,1104.3430875002105,dislike,90,131,91,140,222,232,51,190,16,125,110,145
199.53946940955137,709.5988121487991,Like,81,12,16,10,101,195,125,9,207,74,45,231
1143.1410353450785,1182.2649814976505,dislike,4,120,193,24,67,138,221,190,129,144,160,106
1394.6897662504603,290.7241737725417,Like,91,196,237,252,164,77,238,10,117,204,253,251
1888.0941474416497,519.9400268781625,dislike,207,178,217,82,164,34,138,192,80,72,54,231
802.304525344113,677.6277650364528,Like,153,48,6,213,238,78,240,4,22,5,134,200
1532.571367417994,1438.935445280142,dislike,54,136,174,82,156,65,103,123,124,252,204,60
587.9451301792886,586.3928319178538,Like,176,117,135,77,24,103,150,157,80,56,189,158
830.4052554350905,1422.6338769775286,dislike,233,24,234,15,32,132,233,126,25,201,7,95
974.8923270374077,1265.0341934312128,dislike,136,22,229,50,197,40,164,142,220,171,94,151
588.6489203034145,344.9757582499415,dislike,120,150,41,26,79,62,231,57,101,69,198,226
1521.112745941073,616.7213894017139,dislike,153,146,35,172,144,86,203,112,193,8,65,155
409.4158248583504,303.635018100326,Like,81,99,219,40,238,139,8,94,71,75,194,105
1197.696358011096,440.7367941619196,dislike,138,29,50,42,84,58,0,183,131,224,111,131
1773.4873771231694,1710.8302567546514,Like,12,54,38,39,8,147,62,232,44,169,241,28
659.2627883033326,1314.2652012853018,Like,93,126,252,222,224,20,195,142,129,136,41,226
495.0743968456612,69.07496353805276,dislike,72,48,121,2,2,35,72,41,95,28,251,226
651.740670452861,1662.3255125740977,Like,122,88,14,57,99,27,141,65,29,145,31,4
506.44197151365455,1539.6513249789994,dislike,51,252,203,119,123,80,78,206,130,194,105,73
755.7611332670766,1429.297525673628,Like,156,157,15,151,24,111,235,32,159,41,175,20
1403.138961132148,1545.1388452094009,dislike,59,130,200,40,35,190,1,124,122,183,120,27
1125.0793198770884,1455.4806770372563,dislike,206,51,109,220,100,57,169,5,32,224,66,11
876.6319212241272,168.00384019335146,Like,52,37,221,52,231,100,195,210,118,133,43,31
1324.253630751231,1760.115024502307,Like,2,102,96,193,69,4,194,72,124,174,249,87
483.3550417516812,826.2127504385917,dislike,193,235,171,111,234,115,43,91,142,110,76,54
417.1919453006967,1068.2711083324352,dislike,152,70,102,24,233,2,102,210,146,169,240,108
50.6878174917389,1613.604340776549,Like,175,34,2,13,171,1,66,233,100,45,122,105
1760.4213016970557,598.8308472562671,Like,19,210,133,110,227,75,249,168,34,202,185,193
494.75721876624436,1575.215348516025,dislike,135,107,216,2,18,109,163,251,111,157,6,127
1833.2039290544517,214.64757574420523,dislike,16,152,103,93,56,213,223,216,20,230,137,63
1433.4720506542135,477.61236347066506,dislike,61,199,242,198,150,251,158,40,175,218,111,13
1931.5746319041634,1356.6043781596625,dislike,82,68,126,74,37,228,180,170,175,74,71,81
1121.114721544392,1594.915798091902,dislike,81,206,254,78,91,79,32,161,55,29,217,186
1567.588884779546,318.7992614471697,dislike,168,220,116,76,182,47,241,173,190,169,55,148
1641.8633983421357,60.74494737805569,dislike,151,148,225,253,253,90,112,147,69,146,98,239
726.7982041495525,161.94406447896915,Like,65,14,92,104,62,123,131,41,84,125,181,22
75.09853005174793,1911.9094186852979,Like,99,175,198,40,9,219,79,90,131,194,133,165
1072.2470950410802,1868.7160695607693,Like,49,172,14,124,0,209,180,255,84,139,51,192
1001.0791214403554,1862.4033626754285,dislike,28,53,154,163,218,211,112,195,207,46,28,211
1021.2039108478727,845.861436706943,dislike,40,107,41,170,134,70,20,112,126,182,165,206
1936.3879504384388,1641.5905453063842,Like,200,148,11,197,221,121,41,250,72,158,195,164
230.46201927379673,1525.2589153788028,dislike,252,0,19,150,11,129,82,20,194,72,108,95
1288.4173510279513,506.7285502356909,Like,227,96,47,0,126,191,61,98,88,239,182,42
649.9821645412404,364.394615008625,dislike,123,11,29,200,241,139,37,94,187,163,100,210
1106.3771261761747,446.4878355372655,Like,112,64,175,185,154,135,127,183,186,112,53,203
1596.8112863894385,1613.1828563512959,Like,28,186,245,153,234,191,237,191,155,84,102,24
1193.5667915000627,739.5482258824209,dislike,178,162,1,92,209,163,65,81,74,67,160,77
504.53674420406134,1710.3258726640354,Like,78,240,67,21,70,92,12,93,201,239,166,242
1219.836442135742,1982.1977192569168,Like,38,249,101,91,98,11,255,145,244,13,113,37
242.26689359964104,870.9238694423391,Like,68,21,67,1,111,184,169,29,200,124,81,183
887.9899385003691,740.4538075308737,Like,251,252,239,48,155,51,76,238,254,214,129,45
1682.5697314987378,1334.1617480334019,Like,55,26,227,240,184,95,153,3,180,180,90,168
483.9809943875133,1015.4744686267608,dislike,193,212,16,65,122,2,63,246,138,76,238,222
1705.589471202605,268.7928457717177,dislike,241,118,243,1,132,100,206,221,246,17,186,146
1480.5519572089931,1869.2640755744096,Like,42,99,33,91,188,84,57,77,48,187,26,205
326.58625086341897,1918.081073775308,Like,242,8,129,23,242,86,176,98,74,116,196,201
1970.8708950932698,319.0814582776289,dislike,111,16,220,164,226,230,228,60,125,239,190,54
1950.3801394452269,225.59261127707697,Like,232,90,186,170,95,70,16,232,215,61,108,180
578.2998558689147,1636.2527555233805,Like,66,207,255,22,158,10,136,189,122,3,129,188
975.2067349710222,1407.211926745004,Like,12,139,183,180,146,3,113,128,136,170,147,176
1338.7609295655097,1993.6255651185838,Like,2,174,194,22,225,64,37,82,59,74,129,110
1053.181349154523,964.0129652542264,Like,168,150,16,246,126,78,11,67,208,190,27,134
1306.86647230617,493.31894647604145,dislike,155,12,73,182,88,115,53,86,112,77,69,111
1006.3715732673271,237.85778945629832,Like,204,220,241,156,33,104,158,175,190,158,211,215
864.3771973342281,1556.635867586989,dislike,124,241,238,228,168,102,83,20,189,57,28,38
43.64157346941888,456.0826071590749,dislike,170,109,248,234,195,60,57,23,224,177,90,9
1527.3913371837114,1302.8597687325441,dislike,196,12,133,64,174,113,231,49,155,227,4,57
1397.7071632359532,1789.0471953486522,Like,68,244,25,185,214,239,15,161,163,92,193,153
1295.685524409421,1987.9352834290894,Like,183,13,155,249,193,21,25,72,121,160,1,124
1617.6342639924735,309.43915133091383,Like,148,157,195,28,221,40,50,1,93,10,24,98
1809.0869009433584,1265.7590559084047,Like,41,114,228,155,153,227,122,240,67,228,74,138
1339.6706703190991,1905.559247277727,dislike,142,26,148,60,170,70,196,6,111,135,236,141
1815.605185567326,1931.044582909,Like,65,244,147,206,118,24,137,158,23,175,216,102
520.7879281161696,1955.3245042640685,Like,102,142,148,142,130,107,33,145,57,185,135,18
233.79223702266106,1750.149049997729,dislike,172,237,136,152,64,82,239,98,18,250,185,146
338.17229583071986,179.05994334682896,Like,236,91,68,254,28,37,173,235,44,180,67,128
838.6811639892406,1407.6813474563683,Like,112,3,158,69,9,75,107,192,244,208,140,251
1599.0906851015611,1362.5596025371428,Like,190,155,202,168,51,177,171,33,35,20,195,207
1656.509270840256,364.29441794054384,Like,69,63,113,39,170,225,203,233,166,18,167,184
12.575483630032469,53.96709058138205,Like,140,147,158,38,146,246,53,38,200,44,7,17
1760.219531250205,178.06186199791418,dislike,227,196,68,109,187,57,139,103,22,167,121,77
239.8682082541792,676.09129564855,dislike,148,3,202,7,29,163,86,206,172,137,141,63
1646.6344886653612,711.0167263613813,Like,86,135,217,41,235,93,71,34,76,232,158,136
1108.278595358025,1131.089400847113,Like,42,53,12,59,108,53,251,118,246,125,148,24
1660.2829620668733,977.7733953954646,dislike,48,192,153,23,213,245,42,136,90,47,104,15
1592.7202819974434,1258.6848986382015,dislike,67,1,123,212,198,119,192,43,200,242,28,86
1161.2958466172938,1032.9670849719826,Like,184,52,31,188,3,122,170,11,105,124,65,149
536.4469353614944,1172.4271821642574,dislike,177,161,94,212,237,125,220,127,145,77,187,214
833.0487528651839,926.8875230367101,Like,40,237,174,47,201,189,39,37,19,142,215,252
140.0733774124079,1715.5222193142574,Like,227,62,187,222,188,74,38,232,96,98,22,214
1643.6180148240792,1239.6614770385142,dislike,5,173,216,107,9,132,234,251,147,228,116,164
267.67934813031616,1764.3748866222431,Like,61,73,88,5,135,54,220,15,129,47,48,75
89.8399796746998,101.46817980857526,Like,50,151,83,192,172,135,85,129,161,200,186,226
1221.1700024701115,242.67802153451035,Like,65,100,157,186,2,209,60,141,155,32,206,240
90.74275069011573,52.93910673647262,Like,100,221,165,113,55,136,116,228,9,201,207,42
1934.986592264018,1252.717962575632,Like,68,70,12,140,20,241,149,194,145,86,73,144
1862.4612677918049,105.89260505989495,Like,55,40,128,57,148,108,66,234,227,231,66,86
1165.4492153176589,108.24890767081263,Like,62,26,240,62,115,210,184,31,154,17,62,38
1546.5994075791039,48.50017477340973,dislike,95,60,231,34,118,206,80,216,217,116,120,90
608.2744748271687,1463.8520847077828,dislike,15,204,233,133,166,233,224,227,20,92,204,95
157.82108060531107,118.09196443481662,Like,75,213,37,229,131,10,178,81,101,122,99,253
257.2146198528587,543.1845863961869,Like,55,103,136,7,152,164,223,219,165,230,15,38
882.9991342018482,1457.0739470037738,Like,41,104,216,22,73,89,37,84,221,160,168,58
1370.7644478584425,890.4870814270569,dislike,226,131,172,239,19,15,226,91,107,166,158,29
1807.7593536734944,934.5689202549634,Like,211,86,164,146,105,28,207,95,25,235,219,66
367.99673671706444,965.2060876514525,Like,115,226,251,163,214,108,67,60,229,235,237,190
426.5315739758404,968.4135652826753,Like,114,57,173,101,145,71,72,251,24,144,194,167
395.42748121987745,936.075074924869,dislike,248,160,25,11,26,217,8,20,205,133,190,148
229.63868205639758,143.84865652030564,dislike,216,22,176,18,130,221,217,89,58,0,72,35
1879.978382573809,1433.8100070532016,dislike,219,55,69,243,117,104,217,224,12,186,217,15
1472.518920898576,167.03235786078753,Like,61,204,44,124,70,196,147,3,137,32,7,149
1284.2190209148737,757.7593152962465,dislike,102,166,223,221,112,202,201,165,157,14,251,122
1386.0407552615707,869.703191263499,Like,199,35,124,174,143,15,151,85,137,160,166,125
1242.2572307630462,1379.3325356244554,dislike,148,122,106,113,39,141,49,245,25,118,65,244
913.7340886244903,1974.3037666695402,dislike,104,35,147,104,174,80,46,183,196,90,84,110
769.5056391318171,1456.1888705920019,Like,50,215,98,247,243,206,142,149,32,40,166,120
467.0380687704867,1307.945273874599,dislike,58,228,137,109,99,67,250,40,162,123,232,49
1879.3896127837663,567.8097335648911,dislike,208,88,127,191,96,225,99,250,251,6,170,101
732.4411345345133,431.4038941681619,dislike,197,47,234,86,139,157,95,228,94,88,41,149
1717.5179592335758,686.5688285288965,Like,128,29,122,227,144,62,42,166,127,86,29,20
1974.1638488269061,119.89301691062226,Like,74,167,125,42,89,203,120,70,166,95,153,71
1939.7018643979568,470.67153847050446,Like,44,116,37,213,104,216,137,38,160,7,108,5
1679.3079756714417,232.67100728221402,Like,128,137,80,136,221,70,220,58,31,26,247,174
375.09917442941986,819.3429389653277,dislike,197,34,169,39,205,218,89,163,129,149,67,180
1558.7301535128593,1428.7572325808692,dislike,62,182,47,62,31,119,244,191,76,164,6,39
1000.4132270517587,150.6323887119281,Like,161,81,58,12,66,254,91,238,21,114,37,213
311.9555147728317,477.8150817150606,dislike,186,157,66,246,145,117,112,206,234,152,87,92
1879.5239061680952,1898.8910371802551,dislike,240,29,221,125,114,172,154,63,177,235,10,50
649.8244109179478,963.2885432859576,Like,66,155,241,46,203,240,111,134,223,52,239,161
1922.0035461651844,1924.7453485273618,dislike,206,6,126,10,144,37,114,51,136,1,92,44
543.5202685954246,494.7553646724523,dislike,251,172,205,251,170,71,227,25,201,55,78,224
712.1128543188217,684.8770339990386,dislike,213,234,245,129,121,239,106,73,195,23,162,248
626.5763429081728,490.32880257667745,Like,58,222,77,150,161,223,100,223,77,69,231,18
1265.9448737905534,553.6773232751515,Like,142,188,114,201,41,201,150,106,196,172,12,68
702.0243332449012,1104.7931524079356,dislike,80,185,125,188,155,210,141,88,144,163,182,242
1337.675046302164,864.1217782770749,dislike,115,157,37,7,139,54,118,169,36,186,61,161
97.10995602495043,862.1387604592394,dislike,74,214,171,55,249,97,140,210,156,4,207,203
287.58095293282327,1167.7508549065299,Like,81,140,240,28,215,49,187,114,35,31,162,202
845.3105527934543,651.6945581458687,dislike,214,85,132,73,172,31,28,246,100,159,119,234
1320.5194686353937,239.0221122206677,Like,112,196,23,1,244,112,27,51,125,26,16,187
766.3651518259196,1172.4775088071162,dislike,112,35,251,79,210,4,195,108,178,69,94,22
1317.8588452566867,107.90165443018829,Like,254,137,135,43,172,209,82,97,134,49,193,135
761.5348729237594,249.24321494798573,dislike,252,112,45,223,190,214,46,169,117,142,69,182
513.2170022968261,1749.1521266593759,dislike,128,215,35,254,90,89,254,162,20,195,104,59
935.5684124279187,1970.4647870214956,Like,12,145,92,187,43,95,126,53,105,47,234,137
1149.4035102679902,1626.3333331264098,dislike,102,128,142,100,207,249,242,35,156,9,96,117
836.300020923137,389.4055997359551,dislike,10,117,19,219,61,40,196,213,110,1,196,68
958.0674163853317,572.4831789592217,dislike,193,119,21,45,98,136,204,236,155,166,199,12
880.0970483990525,150.9808597017619,dislike,119,222,156,27,194,244,217,84,15,6,182,242
1490.6189521709023,450.22137258712314,Like,173,18,242,4,19,43,24,150,30,152,70,98
1895.266139330298,848.4464361609987,Like,195,242,172,14,215,213,254,174,95,130,66,41
692.9615640942135,1141.7408332462167,dislike,218,29,193,143,61,252,211,223,152,124,61,196
1282.6534693616534,153.5937318887972,dislike,233,196,95,67,63,28,168,253,207,155,20,83
1842.9787407472904,1526.066769127639,Like,186,92,242,54,67,19,137,37,78,80,94,141
363.76762248920033,1745.33684233487,dislike,220,50,191,217,173,161,199,0,144,183,52,23
1734.6703281580426,563.3061714885039,dislike,236,80,50,98,147,50,17,30,181,254,74,156
1096.3242816935058,787.6083449266082,Like,3,96,215,63,252,84,155,98,196,30,116,160
639.3114782396041,1912.0920833491955,dislike,229,171,133,66,156,59,170,192,36,60,170,223
1697.6167068523403,964.4710510164405,Like,135,168,240,6,115,65,212,25,89,23,201,44
1252.752614511636,1418.5694615259085,Like,86,109,58,219,23,143,61,221,129,23,63,72
381.26956334590045,1778.4180200241376,Like,216,99,190,53,137,198,209,205,85,161,174,129
260.20498548525353,1677.769661012275,dislike,91,186,122,6,115,171,7,235,201,68,31,13
1739.59601702164,348.0157497538039,Like,93,63,83,170,254,210,70,141,29,101,12,214
964.8697550420821,875.2166779173705,Like,24,110,231,46,56,217,31,252,136,110,176,12
859.8026840414632,1811.7344205938625,Like,218,77,42,214,82,221,135,156,44,252,172,86
1305.6802179246836,835.3908543276488,dislike,10,21,165,179,200,50,226,180,76,59,36,92
1756.2279160521703,625.7080087205204,Like,94,21,84,62,104,64,236,81,112,80,1,148
1580.4410780191893,662.0982407506997,dislike,176,55,34,31,171,36,208,138,228,144,40,185
1463.1452679343372,1556.953337573345,dislike,220,12,56,134,54,142,68,191,81,47,160,51
1478.2599467795965,1270.768093746753,dislike,121,57,5,12,30,183,133,41,228,161,69,17
942.4758535005088,92.23509796101447,Like,1,30,13,199,97,97,153,87,78,71,166,57
1144.460899049835,1718.8555644457883,dislike,22,69,127,176,207,178,158,45,175,29,96,181
1447.2534177048246,1277.5482068001097,dislike,218,48,128,138,87,222,109,140,82,71,35,116
158.05123131644393,818.7586947552288,Like,61,100,65,2,149,124,163,177,170,74,176,39
609.3031899828536,1005.3872127456896,dislike,135,252,98,51,246,174,186,167,116,55,83,180
1597.5185157463688,873.1160696158471,Like,10,189,19,55,231,55,99,170,40,235,147,83
304.04616743182623,45.310804135560765,Like,151,0,238,224,9,182,215,64,28,243,48,137
126.22932382675067,1138.09356562972,dislike,181,163,188,250,97,237,232,201,63,64,66,184
26.301648117865952,385.30121396601015,Like,200,127,82,22,28,33,73,99,139,211,4,226
1545.9381706674246,552.061652687665,dislike,10,58,27,84,229,173,9,171,26,141,146,9
356.8785033416102,1309.9221407807997,Like,220,130,96,203,70,102,47,162,141,253,240,74
1803.0292991334288,633.7012085691065,Like,69,24,206,124,192,175,206,229,38,180,136,206
1746.5633735571757,1657.9820919857436,Like,28,20,13,112,184,241,152,150,90,49,191,176
465.78854416464924,1687.2404504621588,dislike,104,61,240,4,62,137,152,74,133,165,10,235
409.44873855660836,1291.4569388873583,Like,135,59,171,150,156,237,23,144,217,87,99,189
425.0385614122252,1589.663634850521,dislike,71,68,229,21,94,15,24,179,231,249,247,64
1810.1081214481017,1617.8188596279356,dislike,253,81,6,106,28,17,166,195,63,227,194,87
1472.126828591787,550.6870792675664,Like,169,160,53,44,76,69,130,219,48,8,54,19
1498.315991420491,1388.968011660332,Like,235,19,235,74,189,53,71,47,68,159,238,184
1176.9207606701812,510.70402482313114,Like,183,86,6,191,88,106,137,79,192,145,251,219
1384.0019181872183,35.04401495996223,Like,176,83,115,93,25,72,89,252,162,169,222,53
215.1452449765756,1106.5788553164512,dislike,32,99,3,162,7,220,169,246,137,107,53,199
1683.7436226479526,548.7364468331846,dislike,205,159,112,141,140,41,158,158,100,247,47,146
1483.717695045314,1078.1140833196532,dislike,4,55,213,144,145,217,5,122,51,193,49,41
256.7250685816032,1179.6893027881686,dislike,86,69,38,60,140,11,18,251,199,12,166,169
319.5145905095915,1906.9701552741587,dislike,8,144,249,12,132,75,210,0,27,41,226,153
93.70704508719952,323.4571536458695,dislike,49,7,232,11,19,123,134,20,178,95,123,194
1108.1765206232697,855.5952686585708,dislike,42,224,199,236,36,10,54,232,51,207,181,118
417.7288218162025,1230.4918385609478,Like,51,125,84,29,78,235,5,45,252,194,110,32
1852.647724037489,1380.988545771512,dislike,84,150,147,254,88,5,29,16,156,135,161,66
1873.942529687798,1346.3292130030075,dislike,177,91,231,123,171,96,185,142,166,48,62,212
283.7318165800831,439.6159226148204,Like,74,108,147,40,197,231,160,10,141,96,204,27
1654.4358660992898,709.2098045159787,Like,131,116,8,55,90,107,30,212,122,70,122,82
527.44495898239,1269.0702434673672,Like,110,20,12,232,207,203,131,73,56,157,163,204
1658.365522448212,1302.2660205503464,Like,136,169,207,252,116,191,79,178,69,196,208,195
1975.789555833705,876.9759622130224,dislike,178,197,243,149,147,32,193,129,97,53,130,10
194.8497625348511,1775.008050788785,dislike,3,3,2,100,247,15,152,57,94,190,74,222
442.53521806048667,1410.1460994942945,Like,112,196,64,152,193,30,118,172,183,83,180,225
461.22209441048346,1106.1926301506887,Like,234,48,72,107,196,255,80,241,74,204,49,139
595.5872081610005,1497.6654165424118,dislike,138,201,105,69,26,122,63,166,145,64,19,157
829.6759369935016,1266.8424106158204,dislike,174,132,7,190,134,86,61,168,124,84,218,64
1656.195135785549,1392.6227336585816,Like,86,236,144,139,93,93,179,196,58,172,159,249
1293.195892337105,551.0943468687803,Like,87,94,38,140,34,112,238,237,181,149,73,88
206.69833212664534,48.94104654382714,dislike,153,161,142,181,51,103,140,178,34,241,144,122
1227.1088953087976,1386.4153189975534,dislike,63,35,170,3,164,63,106,162,204,137,247,240
486.8384621984514,932.5785261041193,Like,22,253,56,144,133,3,138,40,228,57,224,142
531.4868918983843,691.1202430835042,dislike,20,214,198,115,163,255,120,185,91,210,102,82
623.5063643210492,1372.7187196361165,dislike,202,121,176,78,160,27,28,184,70,127,202,159
917.2252307142847,172.16722810119478,Like,14,77,123,62,127,3,163,72,37,190,180,163
604.9483586651519,1567.9270190966083,Like,3,119,71,49,203,146,1,110,73,146,14,150
266.6338666853818,365.2046583017967,dislike,99,181,249,14,114,144,62,64,195,91,166,61
376.556638612908,1124.7493904580467,Like,229,250,7,237,182,57,212,246,186,82,56,254
183.4377575434487,1223.673057893941,dislike,116,15,140,21,36,147,226,174,193,114,104,156
218.05320166998166,1320.9067215938621,dislike,240,188,66,4,238,46,237,66,61,51,236,151
255.3910017308594,1097.5657142908751,Like,154,22,109,99,26,35,131,137,42,15,175,204
1167.4150284239709,950.1267646092277,dislike,125,228,64,43,149,187,199,73,25,172,136,247
664.3861629651824,620.6416685426732,dislike,230,130,188,49,63,72,39,37,60,104,22,121
417.31494507508125,1825.4051995503949,dislike,187,155,92,206,43,253,145,24,70,244,94,218
795.167517436018,1586.156684654555,dislike,64,14,176,133,87,42,36,148,242,104,109,234
774.6935756501076,1980.1420900145101,Like,44,49,154,23,217,38,98,102,68,207,240,244
1120.5564743215066,299.73321025454425,Like,172,52,188,36,40,210,126,241,201,152,96,102
1317.4391738424072,1438.9893870484807,Like,131,158,7,37,136,200,22,240,192,26,165,49
1226.5049092474512,51.75864867579283,dislike,220,173,65,73,251,115,114,21,39,122,82,117
488.42713566583006,327.28421506571806,dislike,235,179,226,49,26,62,30,206,167,236,62,187
545.7374876687763,1774.3277764031468,dislike,233,135,136,223,104,53,65,243,99,169,166,247
775.9843945536564,1688.6483429758505,dislike,240,241,186,0,17,24,79,117,210,1,226,182
468.15679388248066,1154.9833587126063,dislike,126,185,46,236,102,206,156,57,47,188,31,60
711.4496282855207,1803.253952236658,dislike,134,86,96,158,214,146,134,46,6,236,105,246
1856.1213150237672,1501.3187960027542,Like,24,18,90,101,216,1,39,67,222,156,117,75
1278.3978486052129,1636.3037961883545,dislike,18,55,36,10,128,132,254,33,83,156,68,70
381.6108368411448,1732.0314508318206,dislike,31,117,73,64,129,161,211,89,165,147,160,191
53.13675357150305,280.1659394091527,dislike,176,215,17,68,138,71,182,51,131,166,146,139
1958.286027683965,306.3669088906946,dislike,21,94,80,112,44,232,235,43,160,28,51,220
1282.2022739062893,1577.3768185869865,Like,109,94,132,123,58,86,206,97,85,64,40,218
1731.726823642041,1724.365787524452,Like,62,99,165,113,9,223,157,25,63,131,112,201
1233.8439647657071,1804.4440685944705,dislike,30,152,84,84,84,82,84,110,33,93,142,92
1193.170705210984,192.98704357251273,Like,119,156,177,114,27,149,152,190,17,249,202,207
720.1711574004081,516.9874403464911,dislike,178,121,170,243,244,125,6,7,27,142,134,131
1590.3374612344992,220.20151179191382,Like,129,111,119,186,69,119,162,43,187,119,42,101
459.45333701220846,403.20269166615975,dislike,217,42,151,77,253,153,85,157,251,102,29,6
1566.7821676406347,610.2830801705801,Like,11,212,86,66,157,143,157,174,97,171,241,45
1760.2503025552683,737.7324594457513,dislike,151,215,254,144,139,96,167,239,227,128,102,30
1134.9922849710663,766.3837113553429,Like,130,160,207,93,100,6,32,175,136,229,219,10
470.03754909638087,796.7696665926196,dislike,71,214,103,50,91,122,83,43,81,166,139,35
368.1974586008889,122.10692559317238,dislike,104,48,12,241,198,108,196,181,2,226,41,231
1419.8289712292135,1235.2308370917463,Like,24,186,85,193,6,205,87,60,81,10,217,239
1776.3263859378583,1033.6304156565777,dislike,173,81,236,123,154,82,34,246,130,67,196,90
535.0402508129899,1640.5456288627606,Like,222,0,244,138,50,186,172,105,169,67,90,161
1884.7064471080607,454.5777427681406,Like,212,89,114,60,114,236,30,144,37,244,67,82
1646.5143782277314,382.2077272997797,Like,149,12,112,80,208,174,160,90,230,60,54,141
1273.5823316948731,1172.4816342408699,Like,92,0,73,23,127,231,246,94,242,99,130,67
1075.642355970245,650.5456050526535,dislike,188,192,5,57,173,39,218,1,33,236,60,29
922.6951720978134,348.7276342306531,Like,8,27,80,229,36,92,104,89,233,140,169,240
1011.5134861181265,1868.971458998479,dislike,199,20,235,5,2,168,175,53,244,148,146,32
644.2075656025843,1018.0010135765733,Like,192,151,74,35,3,62,94,154,115,149,20,194
1484.4638483817525,1279.2581574360322,Like,197,238,217,211,204,98,36,127,184,225,205,40
1358.3824653209203,537.3487104140781,Like,111,126,29,4,245,199,65,93,85,246,193,209
1072.9124479929317,467.2400635494178,Like,57,105,110,230,0,143,242,178,36,180,14,77
131.94556714584004,138.72999920355954,dislike,86,103,174,58,80,22,116,187,15,168,76,26
1089.8870320218969,641.3695252316143,dislike,83,27,65,177,100,236,190,246,18,34,178,81
231.25352592635463,323.4451374260201,dislike,136,218,98,204,9,153,40,239,180,250,135,123
331.2210902332573,1546.0446953553064,Like,96,66,238,56,21,115,132,231,86,180,171,110
1096.6825651611557,1132.6835883017463,dislike,126,54,44,92,2,40,41,179,89,119,14,126
832.676890545808,1739.3970391694304,Like,1,238,255,89,81,173,244,21,248,193,188,28
1455.7212741852657,1182.211965092235,dislike,145,144,0,107,43,59,181,203,63,39,135,210
650.8605380094325,433.2306002637476,Like,11,17,198,207,237,198,170,242,233,138,99,87
712.5866435908719,1240.1800374714544,Like,2,205,157,6,230,37,249,206,185,159,154,46
1213.0400467052477,1875.888180249023,dislike,229,212,223,162,38,237,41,157,164,33,125,153
74.5727180089133,1030.6528347028416,dislike,219,54,106,231,73,85,243,135,217,32,47,133
1131.9965069329576,1920.3598549267135,Like,17,245,116,9,28,35,232,138,103,241,53,32
1652.5602868929293,1023.1605026867878,Like,249,31,163,25,3,207,16,80,180,135,244,218
512.7492987098714,592.8554611955503,dislike,168,85,40,45,39,134,208,28,160,44,219,161
65.32357534315136,812.0128387112567,dislike,17,74,20,20,251,201,108,205,228,251,59,2
625.7037297211858,1572.8150508189165,dislike,8,199,119,100,124,203,86,110,89,187,178,35
36.57237057193452,1274.2954134410184,Like,95,171,157,174,5,77,139,138,169,249,161,212
1055.897126973443,1630.604764203399,dislike,28,65,85,6,153,125,112,137,137,162,64,167
971.9295422796039,1125.2484286080964,Like,210,244,76,41,193,30,27,58,106,162,90,95
993.2008233845525,309.39291452672626,Like,124,7,230,223,73,43,69,35,255,37,29,33
176.71716831398632,1195.819726602937,dislike,73,73,232,197,115,147,86,21,13,48,85,23
1954.0138510142276,303.9025369421886,dislike,226,113,240,65,87,199,105,249,119,202,6,21
228.53756894025003,862.1906536252109,Like,212,129,79,57,100,136,242,116,179,242,91,250
862.6821179355153,1713.6377500329238,dislike,206,214,95,28,195,151,129,151,46,220,195,215
1232.4110475552627,1631.1791485467031,dislike,238,12,73,78,6,32,222,136,254,71,4,242
582.2165747503716,566.6526116473267,Like,125,226,247,255,164,130,108,118,144,228,138,138
752.7018605306961,1512.6446792341537,dislike,28,40,98,136,204,144,2,244,202,135,216,143
1264.7623503281905,744.8794588735415,dislike,39,148,242,163,24,235,221,53,232,182,204,227
1085.0099854460336,879.686528963161,dislike,192,149,177,76,179,116,243,101,176,35,155,208
1702.358438085951,1430.7168850364833,Like,47,197,124,166,123,242,196,37,197,198,250,155
1168.1048853113314,898.726719755168,Like,44,32,205,174,244,45,216,188,32,24,88,45
1318.9010152026817,88.63021414710049,Like,174,53,42,94,61,105,198,47,110,49,71,243
238.61127281746496,874.6388862468959,dislike,5,154,76,199,13,157,252,123,27,204,238,94
1806.6015173301826,628.3829435876315,dislike,180,22,184,156,101,84,76,5,111,200,51,149
200.97549529017434,1890.72093865456,dislike,87,9,82,93,224,155,251,120,19,238,70,30
853.5333139608064,1094.3034425595902,dislike,72,240,193,91,131,74,46,83,28,46,32,5
1528.2688443428312,584.3711714220885,dislike,79,209,224,228,243,194,59,157,3,50,81,81
1967.2006783090515,1172.7683299228754,dislike,59,193,211,58,193,40,65,113,193,86,85,166
